Player O moved to (row,col) = (0,0) victory=0, numCaptures=0
Player ¥ moved to (row,col) = (-2,-2) victory=0, numCaptures=0
Player O moved to (row,col) = (0,4) victory=0, numCaptures=0
Player ¥ moved to (row,col) = (-2,0) victory=0, numCaptures=0
Player O moved to (row,col) = (-2,-3) victory=0, numCaptures=0
Player ¥ moved to (row,col) = (-2,2) victory=0, numCaptures=0
Player O moved to (row,col) = (-2,-1) victory=0, numCaptures=0
Player ¥ moved to (row,col) = (0,2) victory=0, numCaptures=0
Player O moved to (row,col) = (1,2) victory=0, numCaptures=0
Player ¥ moved to (row,col) = (-4,0) victory=0, numCaptures=0
Player O moved to (row,col) = (-4,-2) victory=0, numCaptures=0
Player ¥ moved to (row,col) = (-3,0) victory=0, numCaptures=0
      d=0 c=1 s=1 a=-32600 b=32600 xy=-2,-6
      ==-24
      d=0 c=1 s=1 a=-32600 b=32600 xy=0,-6
      ==-24
      d=0 c=1 s=1 a=-32600 b=32600 xy=2,-6
      ==-24
      d=0 c=1 s=1 a=-32600 b=32600 xy=-2,-5
      ==-24
      d=0 c=1 s=1 a=-32600 b=32600 xy=-1,-5
      ==-24
      d=0 c=1 s=1 a=-32600 b=32600 xy=0,-5
      ==6
      d=0 c=1 s=1 a=-32600 b=32600 xy=1,-5
      ==-24
      d=0 c=1 s=1 a=-32600 b=32600 xy=2,-5
      ==-24
      d=0 c=1 s=1 a=-32600 b=32600 xy=-5,-4
      ==-24
      d=0 c=1 s=1 a=-32600 b=32600 xy=-4,-4
      ==-24
      d=0 c=1 s=2 a=-32600 b=32600 xy=-3,-4
      ==-23
      d=0 c=1 s=4 a=-32600 b=32600 xy=-1,-4
      ==-21
      d=0 c=1 s=2 a=-32600 b=32600 xy=1,-4
      ==-23
      d=0 c=1 s=3 a=-32600 b=32600 xy=2,-4
      ==-22
      d=0 c=1 s=1 a=-32600 b=32600 xy=4,-4
      ==-24
      d=0 c=1 s=1 a=-32600 b=32600 xy=-4,-3
      ==-24
      d=0 c=1 s=2 a=-32600 b=32600 xy=-3,-3
      ==-23
      d=0 c=1 s=4 a=-32600 b=32600 xy=-2,-3
      ==-21
      d=0 c=1 s=5 a=-32600 b=32600 xy=-1,-3
      ==-20
      d=0 c=1 s=4 a=-32600 b=32600 xy=1,-3
      ==-21
      d=0 c=1 s=2 a=-32600 b=32600 xy=2,-3
      ==-23
      d=0 c=1 s=1 a=-32600 b=32600 xy=3,-3
      ==-24
      d=0 c=1 s=1 a=-32600 b=32600 xy=-5,-2
      ==-24
      d=0 c=1 s=1 a=-32600 b=32600 xy=-4,-2
      ==-24
      d=0 c=1 s=3 a=-32600 b=32600 xy=1,-2
      ==-22
      d=0 c=1 s=1 a=-32600 b=32600 xy=3,-2
      ==-24
      d=0 c=1 s=3 a=-32600 b=32600 xy=4,-2
      ==-22
      d=0 c=1 s=1 a=-32600 b=32600 xy=6,-2
      ==-24
      d=0 c=1 s=1 a=-32600 b=32600 xy=-4,-1
      ==-24
      d=0 c=1 s=2 a=-32600 b=32600 xy=-3,-1
      ==-23
      d=0 c=1 s=3 a=-32600 b=32600 xy=-2,-1
      ==-22
      d=0 c=1 s=4 a=-32600 b=32600 xy=-1,-1
      ==-21
      d=0 c=1 s=3 a=-32600 b=32600 xy=0,-1
      ==-9
      d=0 c=1 s=4 a=-32600 b=32600 xy=1,-1
      ==-21
      d=0 c=1 s=3 a=-32600 b=32600 xy=2,-1
      ==-22
      d=0 c=1 s=3 a=-32600 b=32600 xy=3,-1
      ==-22
      d=0 c=1 s=1 a=-32600 b=32600 xy=4,-1
      ==-24
      d=0 c=1 s=1 a=-32600 b=32600 xy=5,-1
      ==-24
      d=0 c=1 s=1 a=-32600 b=32600 xy=-5,0
      ==-24
      d=0 c=1 s=1 a=-32600 b=32600 xy=-4,0
      ==-24
      d=0 c=1 s=2 a=-32600 b=32600 xy=-3,0
      ==-23
      d=0 c=1 s=3 a=-32600 b=32600 xy=-2,0
      ==-22
      d=0 c=1 s=3 a=-32600 b=32600 xy=-1,0
      ==-22
      d=0 c=1 s=3 a=-32600 b=32600 xy=1,0
      ==-22
      d=0 c=1 s=2 a=-32600 b=32600 xy=3,0
      ==-23
      d=0 c=1 s=1 a=-32600 b=32600 xy=5,0
      ==-24
      d=0 c=1 s=1 a=-32600 b=32600 xy=6,0
      ==-24
      d=0 c=1 s=1 a=-32600 b=32600 xy=-1,1
      ==-24
      d=0 c=1 s=1 a=-32600 b=32600 xy=0,1
      ==-24
      d=0 c=1 s=2 a=-32600 b=32600 xy=1,1
      ==-23
      d=0 c=1 s=2 a=-32600 b=32600 xy=3,1
      ==-23
      d=0 c=1 s=1 a=-32600 b=32600 xy=4,1
      ==-24
      d=0 c=1 s=1 a=-32600 b=32600 xy=5,1
      ==-24
      d=0 c=1 s=1 a=-32600 b=32600 xy=-2,2
      ==-24
      d=0 c=1 s=2 a=-32600 b=32600 xy=0,2
      ==-23
      d=0 c=1 s=2 a=-32600 b=32600 xy=2,2
      ==-23
      d=0 c=1 s=2 a=-32600 b=32600 xy=4,2
      ==-23
      d=0 c=1 s=1 a=-32600 b=32600 xy=6,2
      ==-24
d=3 c=1 s=1 a=-32600 b=32600 xy=0,-5
  d=2 c=2 s=31 a=-32600 b=32600 xy=-1,-3
    d=1 c=1 s=13 a=-32600 b=32600 xy=1,-5
      d=0 c=2 s=41 a=-32600 b=32600 xy=-1,-5
      ==-33
       ....-33 > alpha
      d=0 c=2 s=41 a=-32600 b=33 xy=2,-5
      ==-31
       ....-31 > alpha
      d=0 c=2 s=41 a=-32600 b=31 xy=-2,-3
      ==4
       ....4 > alpha
      d=0 c=2 s=41 a=-32600 b=-4 xy=1,-3
      ==377
       ....377 > alpha
      d=0 c=2 s=41 a=-32600 b=-377 xy=1,-2
      ==-35
      d=0 c=2 s=41 a=-32600 b=-377 xy=-3,-1
      ==114
      d=0 c=2 s=41 a=-32600 b=-377 xy=0,-1
      ==79
      d=0 c=2 s=41 a=-32600 b=-377 xy=1,-1
      ==99
      d=0 c=2 s=41 a=-32600 b=-377 xy=2,-1
      ==-33
    ==-377
       ....-377 > alpha
    d=1 c=1 s=13 a=-32600 b=377 xy=-2,-3
      d=0 c=2 s=13 a=-377 b=32600 xy=-2,-5
      ==227
       ....227 > alpha
      d=0 c=2 s=13 a=-377 b=-227 xy=1,-5
      ==567
       ....567 > beta
    ==-567
    d=1 c=1 s=13 a=-32600 b=377 xy=1,-3
      d=0 c=2 s=23 a=-377 b=32600 xy=1,-5
      ==557
    ==-557
    d=1 c=1 s=13 a=-32600 b=377 xy=1,-2
      d=0 c=2 s=13 a=-377 b=32600 xy=1,-5
      ==567
    ==-567
    d=1 c=1 s=13 a=-32600 b=377 xy=-3,-1
      d=0 c=2 s=41 a=-377 b=32600 xy=1,-5
      ==114
      d=0 c=2 s=41 a=-377 b=-114 xy=-3,-3
      ==-33
      d=0 c=2 s=41 a=-377 b=-114 xy=-2,-3
      ==4
      d=0 c=2 s=41 a=-377 b=-114 xy=1,-3
      ==377
       ....377 > alpha
    ==-377
    d=1 c=1 s=13 a=-32600 b=377 xy=0,-1
      d=0 c=2 s=26 a=-377 b=32600 xy=1,-3
      ==392
    ==-392
    d=1 c=1 s=13 a=-32600 b=377 xy=1,-1
      d=0 c=2 s=238 a=-377 b=32600 xy=1,-3
      ==-180
      d=0 c=2 s=238 a=-377 b=180 xy=-1,-3
      ==-180
      d=0 c=2 s=238 a=-377 b=180 xy=0,-2
      ==-230
      d=0 c=2 s=238 a=-377 b=180 xy=2,-1
      ==-230
      d=0 c=2 s=238 a=-377 b=180 xy=-1,1
      ==2
       ....2 > alpha
    ==-2
       ....-2 > alpha
    d=1 c=1 s=13 a=-32600 b=2 xy=2,-1
      d=0 c=2 s=13 a=-2 b=32600 xy=1,-3
      ==405
    ==-405
  ==2
       ....2 > alpha
  d=2 c=2 s=31 a=-32600 b=-2 xy=1,-3
    d=1 c=1 s=0 a=2 b=32600 xy=-1,-5
      d=0 c=2 s=26 a=-32600 b=-2 xy=0,-6
      ==-16
      d=0 c=2 s=26 a=-32600 b=-2 xy=-2,-5
      ==-16
      d=0 c=2 s=26 a=-32600 b=-2 xy=1,-5
      ==-18
      d=0 c=2 s=26 a=-32600 b=-2 xy=2,-4
      ==34
       ....34 > alpha
      d=0 c=2 s=26 a=-32600 b=-34 xy=-3,-3
      ==-18
      d=0 c=2 s=26 a=-32600 b=-34 xy=-1,-3
      ==379
       ....379 > alpha
      d=0 c=2 s=26 a=-32600 b=-379 xy=2,-3
      ==32
      d=0 c=2 s=26 a=-32600 b=-379 xy=1,-2
      ==-22
      d=0 c=2 s=26 a=-32600 b=-379 xy=-1,-1
      ==19
      d=0 c=2 s=26 a=-32600 b=-379 xy=0,-1
      ==94
      d=0 c=2 s=26 a=-32600 b=-379 xy=1,-1
      ==19
      d=0 c=2 s=26 a=-32600 b=-379 xy=2,-1
      ==-18
      d=0 c=2 s=26 a=-32600 b=-379 xy=3,-1
      ==92
    ==-379
       ....-379 > alpha
    d=1 c=1 s=0 a=2 b=379 xy=2,-4
      d=0 c=2 s=10 a=-379 b=-2 xy=-1,-5
      ==570
       ....570 > beta
    ==-570
    d=1 c=1 s=0 a=2 b=379 xy=-1,-3
      d=0 c=2 s=0 a=-379 b=-2 xy=-1,-5
      ==580
    ==-580
    d=1 c=1 s=0 a=2 b=379 xy=2,-3
      d=0 c=2 s=10 a=-379 b=-2 xy=-1,-5
      ==570
    ==-570
    d=1 c=1 s=0 a=2 b=379 xy=1,-2
      d=0 c=2 s=0 a=-379 b=-2 xy=-1,-5
      ==580
    ==-580
    d=1 c=1 s=0 a=2 b=379 xy=-1,-1
      d=0 c=2 s=0 a=-379 b=-2 xy=-1,-5
      ==580
    ==-580
    d=1 c=1 s=0 a=2 b=379 xy=0,-1
      d=0 c=2 s=13 a=-379 b=-2 xy=-1,-5
      ==567
    ==-567
    d=1 c=1 s=0 a=2 b=379 xy=1,-1
      d=0 c=2 s=0 a=-379 b=-2 xy=-1,-5
      ==580
    ==-580
    d=1 c=1 s=0 a=2 b=379 xy=2,-1
      d=0 c=2 s=0 a=-379 b=-2 xy=-1,-5
      ==580
    ==-580
    d=1 c=1 s=0 a=2 b=379 xy=3,-1
      d=0 c=2 s=15 a=-379 b=-2 xy=-1,-5
      ==140
      d=0 c=2 s=15 a=-379 b=-140 xy=2,-4
      ==45
      d=0 c=2 s=15 a=-379 b=-140 xy=-1,-3
      ==390
       ....390 > beta
    ==-390
  ==379
       ....379 > alpha
  d=2 c=2 s=31 a=-32600 b=-379 xy=1,-2
    d=1 c=1 s=25 a=379 b=32600 xy=-1,-4
      d=0 c=2 s=25 a=-32600 b=-379 xy=-1,-3
      ==18
      d=0 c=2 s=25 a=-32600 b=-379 xy=1,-6
      ==-15
      d=0 c=2 s=25 a=-32600 b=-379 xy=-3,-4
      ==215
      d=0 c=2 s=25 a=-32600 b=-379 xy=-2,-3
      ==-25
      d=0 c=2 s=25 a=-32600 b=-379 xy=1,-3
      ==29
      d=0 c=2 s=25 a=-32600 b=-379 xy=3,-2
      ==130
      d=0 c=2 s=25 a=-32600 b=-379 xy=0,-1
      ==93
      d=0 c=2 s=25 a=-32600 b=-379 xy=1,-1
      ==18
      d=0 c=2 s=25 a=-32600 b=-379 xy=2,-1
      ==-9
    ==-215
       ....-215 > beta
  ==215
  d=2 c=2 s=31 a=-32600 b=-379 xy=0,-1
    d=1 c=1 s=-89 a=379 b=32600 xy=-1,-4
      d=0 c=2 s=-89 a=-32600 b=-379 xy=-1,-3
      ==132
      d=0 c=2 s=-89 a=-32600 b=-379 xy=1,-6
      ==99
      d=0 c=2 s=-89 a=-32600 b=-379 xy=-3,-4
      ==329
      d=0 c=2 s=-89 a=-32600 b=-379 xy=-2,-3
      ==89
      d=0 c=2 s=-89 a=-32600 b=-379 xy=1,-3
      ==145
      d=0 c=2 s=-89 a=-32600 b=-379 xy=1,-2
      ==89
      d=0 c=2 s=-89 a=-32600 b=-379 xy=1,-1
      ==132
      d=0 c=2 s=-89 a=-32600 b=-379 xy=2,-1
      ==97
    ==-329
  ==329
  d=2 c=2 s=31 a=-32600 b=-379 xy=1,-1
    d=1 c=1 s=11 a=379 b=32600 xy=-1,-4
      d=0 c=2 s=11 a=-32600 b=-379 xy=-1,-3
      ==517
      d=0 c=2 s=11 a=-32600 b=-517 xy=1,-6
      ==-1
      d=0 c=2 s=11 a=-32600 b=-517 xy=-3,-4
      ==229
      d=0 c=2 s=11 a=-32600 b=-517 xy=-2,-3
      ==-11
      d=0 c=2 s=11 a=-32600 b=-517 xy=1,-3
      ==45
      d=0 c=2 s=11 a=-32600 b=-517 xy=3,-3
      ==-3
      d=0 c=2 s=11 a=-32600 b=-517 xy=1,-2
      ==-11
      d=0 c=2 s=11 a=-32600 b=-517 xy=0,-1
      ==107
      d=0 c=2 s=11 a=-32600 b=-517 xy=2,-1
      ==-5
      d=0 c=2 s=11 a=-32600 b=-517 xy=3,1
      ==569
       ....569 > alpha
    ==-569
    d=1 c=1 s=11 a=379 b=569 xy=-1,-3
      d=0 c=2 s=24 a=-569 b=-379 xy=-3,-5
      ==216
      d=0 c=2 s=24 a=-569 b=-379 xy=-1,-4
      ==-24
      d=0 c=2 s=24 a=-569 b=-379 xy=1,-3
      ==19
      d=0 c=2 s=24 a=-569 b=-379 xy=3,-3
      ==-16
      d=0 c=2 s=24 a=-569 b=-379 xy=1,-2
      ==-20
      d=0 c=2 s=24 a=-569 b=-379 xy=-1,-1
      ==-24
      d=0 c=2 s=24 a=-569 b=-379 xy=0,-1
      ==94
      d=0 c=2 s=24 a=-569 b=-379 xy=2,-1
      ==-18
      d=0 c=2 s=24 a=-569 b=-379 xy=3,1
      ==131
    ==-216
       ....-216 > beta
  ==216
  d=2 c=2 s=31 a=-32600 b=-379 xy=2,-1
    d=1 c=1 s=23 a=379 b=32600 xy=-1,-3
      d=0 c=2 s=23 a=-32600 b=-379 xy=-3,-5
      ==217
      d=0 c=2 s=23 a=-32600 b=-379 xy=-1,-4
      ==-23
      d=0 c=2 s=23 a=-32600 b=-379 xy=1,-3
      ==20
      d=0 c=2 s=23 a=-32600 b=-379 xy=2,-3
      ==132
      d=0 c=2 s=23 a=-32600 b=-379 xy=1,-2
      ==45
      d=0 c=2 s=23 a=-32600 b=-379 xy=-1,-1
      ==-23
      d=0 c=2 s=23 a=-32600 b=-379 xy=0,-1
      ==97
      d=0 c=2 s=23 a=-32600 b=-379 xy=1,-1
      ==-23
    ==-217
  ==217
==-379
d=3 c=1 s=3 a=-32600 b=379 xy=0,-1
  d=2 c=2 s=16 a=-379 b=32600 xy=1,-3
    d=1 c=1 s=-15 a=-32600 b=379 xy=-1,-3
      d=0 c=2 s=-15 a=-379 b=32600 xy=-1,-5
      ==595
       ....595 > beta
    ==-595
    d=1 c=1 s=-15 a=-32600 b=379 xy=-1,-5
      d=0 c=2 s=13 a=-379 b=32600 xy=0,-6
      ==-3
       ....-3 > alpha
      d=0 c=2 s=13 a=-379 b=3 xy=0,-5
      ==142
       ....142 > alpha
      d=0 c=2 s=13 a=-379 b=-142 xy=2,-4
      ==47
      d=0 c=2 s=13 a=-379 b=-142 xy=-3,-3
      ==-5
      d=0 c=2 s=13 a=-379 b=-142 xy=-2,-3
      ==-13
      d=0 c=2 s=13 a=-379 b=-142 xy=-1,-3
      ==392
       ....392 > beta
    ==-392
    d=1 c=1 s=-15 a=-32600 b=379 xy=0,-5
      d=0 c=2 s=15 a=-379 b=32600 xy=-1,-3
      ==390
    ==-390
    d=1 c=1 s=-15 a=-32600 b=379 xy=2,-4
      d=0 c=2 s=-5 a=-379 b=32600 xy=-1,-3
      ==410
    ==-410
    d=1 c=1 s=-15 a=-32600 b=379 xy=-2,-3
      d=0 c=2 s=8 a=-379 b=32600 xy=-1,-3
      ==-5
      d=0 c=2 s=8 a=-379 b=5 xy=-1,-5
      ==572
       ....572 > beta
    ==-572
    d=1 c=1 s=-15 a=-32600 b=379 xy=2,-3
      d=0 c=2 s=-5 a=-379 b=32600 xy=-1,-5
      ==585
    ==-585
    d=1 c=1 s=-15 a=-32600 b=379 xy=1,-2
      d=0 c=2 s=-15 a=-379 b=32600 xy=-1,-5
      ==595
    ==-595
    d=1 c=1 s=-15 a=-32600 b=379 xy=-1,-1
      d=0 c=2 s=-15 a=-379 b=32600 xy=-1,-5
      ==595
    ==-595
    d=1 c=1 s=-15 a=-32600 b=379 xy=1,-1
      d=0 c=2 s=-15 a=-379 b=32600 xy=-1,-5
      ==595
    ==-595
    d=1 c=1 s=-15 a=-32600 b=379 xy=2,-1
      d=0 c=2 s=-15 a=-379 b=32600 xy=-1,-5
      ==595
    ==-595
    d=1 c=1 s=-15 a=-32600 b=379 xy=3,-1
      d=0 c=2 s=0 a=-379 b=32600 xy=-1,-5
      ==155
      d=0 c=2 s=0 a=-379 b=-155 xy=0,-5
      ==155
      d=0 c=2 s=0 a=-379 b=-155 xy=2,-4
      ==60
      d=0 c=2 s=0 a=-379 b=-155 xy=-2,-3
      ==0
      d=0 c=2 s=0 a=-379 b=-155 xy=-1,-3
      ==405
       ....405 > beta
    ==-405
    d=1 c=1 s=-15 a=-32600 b=379 xy=1,0
      d=0 c=2 s=230 a=-379 b=32600 xy=-1,-3
      ==-625
      d=0 c=2 s=230 a=-379 b=625 xy=-1,-5
      ==-550
       ....-550 > alpha
      d=0 c=2 s=230 a=-379 b=550 xy=0,-5
      ==-555
      d=0 c=2 s=230 a=-379 b=550 xy=2,-4
      ==-645
      d=0 c=2 s=230 a=-379 b=550 xy=-2,-3
      ==-585
      d=0 c=2 s=230 a=-379 b=550 xy=2,-3
      ==-647
      d=0 c=2 s=230 a=-379 b=550 xy=1,-2
      ==-676
      d=0 c=2 s=230 a=-379 b=550 xy=-1,-1
      ==-660
      d=0 c=2 s=230 a=-379 b=550 xy=1,-1
      ==-660
      d=0 c=2 s=230 a=-379 b=550 xy=2,-1
      ==-672
      d=0 c=2 s=230 a=-379 b=550 xy=3,-1
      ==-557
      d=0 c=2 s=230 a=-379 b=550 xy=-1,0
      ==-440
       ....-440 > alpha
      d=0 c=2 s=230 a=-379 b=440 xy=0,1
      ==-440
    ==440
       ....440 > alpha
    d=1 c=1 s=-15 a=-32600 b=-440 xy=0,1
      d=0 c=2 s=1 a=440 b=32600 xy=-1,-3
      ==404
    ==-404
  ==-440
  d=2 c=2 s=16 a=-379 b=440 xy=0,-5
    d=1 c=1 s=-109 a=-440 b=379 xy=-1,-3
      d=0 c=2 s=-109 a=-379 b=440 xy=0,-6
      ==10108
       ....10108 > beta
    ==-10108
    d=1 c=1 s=-109 a=-440 b=379 xy=0,-6
      d=0 c=2 s=1 a=-379 b=440 xy=-1,-5
      ==-1
       ....-1 > alpha
      d=0 c=2 s=1 a=-379 b=1 xy=-2,-3
      ==-1
      d=0 c=2 s=1 a=-379 b=1 xy=-1,-3
      ==42
       ....42 > alpha
      d=0 c=2 s=1 a=-379 b=-42 xy=1,-3
      ==55
       ....55 > alpha
      d=0 c=2 s=1 a=-379 b=-55 xy=1,-2
      ==5
      d=0 c=2 s=1 a=-379 b=-55 xy=1,-1
      ==44
      d=0 c=2 s=1 a=-379 b=-55 xy=2,-1
      ==7
      d=0 c=2 s=1 a=-379 b=-55 xy=1,0
      ==-1
      d=0 c=2 s=1 a=-379 b=-55 xy=0,1
      ==239
       ....239 > alpha
    ==-239
       ....-239 > alpha
    d=1 c=1 s=-109 a=-440 b=239 xy=-2,-3
      d=0 c=2 s=-86 a=-239 b=440 xy=0,-6
      ==10085
    ==-10085
    d=1 c=1 s=-109 a=-440 b=239 xy=1,-3
      d=0 c=2 s=-109 a=-239 b=440 xy=0,-6
      ==10108
    ==-10108
    d=1 c=1 s=-109 a=-440 b=239 xy=1,-2
      d=0 c=2 s=-109 a=-239 b=440 xy=0,-6
      ==10108
    ==-10108
    d=1 c=1 s=-109 a=-440 b=239 xy=1,-1
      d=0 c=2 s=-109 a=-239 b=440 xy=0,-6
      ==10108
    ==-10108
    d=1 c=1 s=-109 a=-440 b=239 xy=2,-1
      d=0 c=2 s=-109 a=-239 b=440 xy=0,-6
      ==10108
    ==-10108
    d=1 c=1 s=-109 a=-440 b=239 xy=1,0
      d=0 c=2 s=136 a=-239 b=440 xy=0,-6
      ==9863
    ==-9863
    d=1 c=1 s=-109 a=-440 b=239 xy=0,1
      d=0 c=2 s=-93 a=-239 b=440 xy=0,-6
      ==10092
    ==-10092
  ==239
       ....239 > alpha
  d=2 c=2 s=16 a=-379 b=-239 xy=-2,-3
    d=1 c=1 s=16 a=239 b=379 xy=-1,-3
      d=0 c=2 s=16 a=-379 b=-239 xy=0,-6
      ==-16
      d=0 c=2 s=16 a=-379 b=-239 xy=0,-5
      ==139
      d=0 c=2 s=16 a=-379 b=-239 xy=-1,-4
      ==-16
      d=0 c=2 s=16 a=-379 b=-239 xy=1,-3
      ==27
      d=0 c=2 s=16 a=-379 b=-239 xy=1,-2
      ==-10
      d=0 c=2 s=16 a=-379 b=-239 xy=-2,-1
      ==-8
      d=0 c=2 s=16 a=-379 b=-239 xy=-1,-1
      ==-16
      d=0 c=2 s=16 a=-379 b=-239 xy=1,-1
      ==-16
      d=0 c=2 s=16 a=-379 b=-239 xy=2,-1
      ==-8
      d=0 c=2 s=16 a=-379 b=-239 xy=1,0
      ==209
      d=0 c=2 s=16 a=-379 b=-239 xy=0,1
      ==224
    ==-224
  ==224
  d=2 c=2 s=16 a=-379 b=-239 xy=-1,-3
    d=1 c=1 s=-2 a=239 b=379 xy=0,-5
      d=0 c=2 s=28 a=-379 b=-239 xy=0,-6
      ==-28
      d=0 c=2 s=28 a=-379 b=-239 xy=1,-5
      ==552
       ....552 > beta
    ==-552
    d=1 c=1 s=-2 a=239 b=379 xy=1,-5
      d=0 c=2 s=28 a=-379 b=-239 xy=0,-5
      ==127
      d=0 c=2 s=28 a=-379 b=-239 xy=-2,-3
      ==27
      d=0 c=2 s=28 a=-379 b=-239 xy=1,-3
      ==390
       ....390 > beta
    ==-390
    d=1 c=1 s=-2 a=239 b=379 xy=-2,-3
      d=0 c=2 s=31 a=-379 b=-239 xy=1,-3
      ==-15
      d=0 c=2 s=31 a=-379 b=-239 xy=0,-5
      ==69
      d=0 c=2 s=31 a=-379 b=-239 xy=1,-5
      ==549
       ....549 > beta
    ==-549
    d=1 c=1 s=-2 a=239 b=379 xy=1,-3
      d=0 c=2 s=8 a=-379 b=-239 xy=1,-5
      ==572
    ==-572
    d=1 c=1 s=-2 a=239 b=379 xy=1,-2
      d=0 c=2 s=-2 a=-379 b=-239 xy=1,-5
      ==582
    ==-582
    d=1 c=1 s=-2 a=239 b=379 xy=-3,-1
      d=0 c=2 s=26 a=-379 b=-239 xy=1,-5
      ==129
      d=0 c=2 s=26 a=-379 b=-239 xy=0,-5
      ==129
      d=0 c=2 s=26 a=-379 b=-239 xy=-3,-3
      ==-18
      d=0 c=2 s=26 a=-379 b=-239 xy=-2,-3
      ==29
      d=0 c=2 s=26 a=-379 b=-239 xy=1,-3
      ==392
       ....392 > beta
    ==-392
    d=1 c=1 s=-2 a=239 b=379 xy=1,-1
      d=0 c=2 s=221 a=-379 b=-239 xy=1,-3
      ==-163
      d=0 c=2 s=221 a=-379 b=-239 xy=0,-5
      ==-161
      d=0 c=2 s=221 a=-379 b=-239 xy=-2,-3
      ==-221
      d=0 c=2 s=221 a=-379 b=-239 xy=-1,-3
      ==-163
      d=0 c=2 s=221 a=-379 b=-239 xy=0,-2
      ==-203
      d=0 c=2 s=221 a=-379 b=-239 xy=-1,-1
      ==-221
      d=0 c=2 s=221 a=-379 b=-239 xy=2,-1
      ==-203
      d=0 c=2 s=221 a=-379 b=-239 xy=1,0
      ==-221
      d=0 c=2 s=221 a=-379 b=-239 xy=-1,1
      ==19
      d=0 c=2 s=221 a=-379 b=-239 xy=0,1
      ==-211
    ==-19
       ....-19 > beta
  ==19
  d=2 c=2 s=16 a=-379 b=-239 xy=1,-2
    d=1 c=1 s=10 a=239 b=379 xy=1,-1
      d=0 c=2 s=10 a=-379 b=-239 xy=1,-3
      ==31
      d=0 c=2 s=10 a=-379 b=-239 xy=0,-5
      ==145
      d=0 c=2 s=10 a=-379 b=-239 xy=-1,-4
      ==35
      d=0 c=2 s=10 a=-379 b=-239 xy=-2,-3
      ==-10
      d=0 c=2 s=10 a=-379 b=-239 xy=-1,-3
      ==47
      d=0 c=2 s=10 a=-379 b=-239 xy=3,-2
      ==145
      d=0 c=2 s=10 a=-379 b=-239 xy=-1,-1
      ==-10
      d=0 c=2 s=10 a=-379 b=-239 xy=2,-1
      ==68
      d=0 c=2 s=10 a=-379 b=-239 xy=1,0
      ==-10
      d=0 c=2 s=10 a=-379 b=-239 xy=-1,1
      ==230
      d=0 c=2 s=10 a=-379 b=-239 xy=0,1
      ==230
    ==-230
  ==230
  d=2 c=2 s=16 a=-379 b=-239 xy=1,-1
    d=1 c=1 s=-4 a=239 b=379 xy=0,-5
      d=0 c=2 s=26 a=-379 b=-239 xy=1,-3
      ==30
      d=0 c=2 s=26 a=-379 b=-239 xy=-2,-3
      ==-26
      d=0 c=2 s=26 a=-379 b=-239 xy=-1,-3
      ==502
       ....502 > beta
    ==-502
    d=1 c=1 s=-4 a=239 b=379 xy=-2,-3
      d=0 c=2 s=19 a=-379 b=-239 xy=-1,-3
      ==496
    ==-496
    d=1 c=1 s=-4 a=239 b=379 xy=-1,-3
      d=0 c=2 s=9 a=-379 b=-239 xy=0,-5
      ==146
      d=0 c=2 s=9 a=-379 b=-239 xy=-1,-4
      ==-9
      d=0 c=2 s=9 a=-379 b=-239 xy=-2,-3
      ==-9
      d=0 c=2 s=9 a=-379 b=-239 xy=1,-3
      ==34
      d=0 c=2 s=9 a=-379 b=-239 xy=3,-3
      ==-1
      d=0 c=2 s=9 a=-379 b=-239 xy=1,-2
      ==-5
      d=0 c=2 s=9 a=-379 b=-239 xy=-1,-1
      ==-9
      d=0 c=2 s=9 a=-379 b=-239 xy=2,-1
      ==-9
      d=0 c=2 s=9 a=-379 b=-239 xy=1,0
      ==-9
      d=0 c=2 s=9 a=-379 b=-239 xy=0,1
      ==231
      d=0 c=2 s=9 a=-379 b=-239 xy=3,1
      ==146
    ==-231
       ....-231 > beta
  ==231
  d=2 c=2 s=16 a=-379 b=-239 xy=2,-1
    d=1 c=1 s=8 a=239 b=379 xy=-1,-3
      d=0 c=2 s=8 a=-379 b=-239 xy=0,-5
      ==147
      d=0 c=2 s=8 a=-379 b=-239 xy=-1,-4
      ==-8
      d=0 c=2 s=8 a=-379 b=-239 xy=-2,-3
      ==-8
      d=0 c=2 s=8 a=-379 b=-239 xy=1,-3
      ==35
      d=0 c=2 s=8 a=-379 b=-239 xy=2,-3
      ==147
      d=0 c=2 s=8 a=-379 b=-239 xy=1,-2
      ==60
      d=0 c=2 s=8 a=-379 b=-239 xy=-1,-1
      ==-8
      d=0 c=2 s=8 a=-379 b=-239 xy=1,-1
      ==-8
      d=0 c=2 s=8 a=-379 b=-239 xy=1,0
      ==-8
      d=0 c=2 s=8 a=-379 b=-239 xy=0,1
      ==232
    ==-232
  ==232
  d=2 c=2 s=16 a=-379 b=-239 xy=1,0
    d=1 c=1 s=16 a=239 b=379 xy=-1,-3
      d=0 c=2 s=16 a=-379 b=-239 xy=0,-5
      ==139
      d=0 c=2 s=16 a=-379 b=-239 xy=-1,-4
      ==-16
      d=0 c=2 s=16 a=-379 b=-239 xy=-2,-3
      ==209
      d=0 c=2 s=16 a=-379 b=-239 xy=1,-3
      ==27
      d=0 c=2 s=16 a=-379 b=-239 xy=1,-2
      ==-10
      d=0 c=2 s=16 a=-379 b=-239 xy=-1,-1
      ==-16
      d=0 c=2 s=16 a=-379 b=-239 xy=1,-1
      ==-16
      d=0 c=2 s=16 a=-379 b=-239 xy=2,-1
      ==-10
      d=0 c=2 s=16 a=-379 b=-239 xy=3,0
      ==-15
      d=0 c=2 s=16 a=-379 b=-239 xy=0,1
      ==222
    ==-222
  ==222
  d=2 c=2 s=16 a=-379 b=-239 xy=0,1
    d=1 c=1 s=-224 a=239 b=379 xy=-1,-3
      d=0 c=2 s=-224 a=-379 b=-239 xy=0,-5
      ==804
       ....804 > beta
    ==-804
    d=1 c=1 s=-224 a=239 b=379 xy=0,-5
      d=0 c=2 s=-194 a=-379 b=-239 xy=-1,-3
      ==237
      d=0 c=2 s=-194 a=-379 b=-239 xy=1,-3
      ==250
       ....250 > alpha
      d=0 c=2 s=-194 a=-379 b=-250 xy=1,-2
      ==200
      d=0 c=2 s=-194 a=-379 b=-250 xy=0,-1
      ==349
       ....349 > alpha
      d=0 c=2 s=-194 a=-379 b=-349 xy=1,-1
      ==252
      d=0 c=2 s=-194 a=-379 b=-349 xy=2,-1
      ==202
    ==-349
       ....-349 > alpha
    d=1 c=1 s=-224 a=239 b=349 xy=1,-3
      d=0 c=2 s=-224 a=-349 b=-239 xy=0,-5
      ==804
    ==-804
    d=1 c=1 s=-224 a=239 b=349 xy=1,-2
      d=0 c=2 s=-224 a=-349 b=-239 xy=0,-5
      ==804
    ==-804
    d=1 c=1 s=-224 a=239 b=349 xy=0,-1
      d=0 c=2 s=-196 a=-349 b=-239 xy=0,-5
      ==351
    ==-351
    d=1 c=1 s=-224 a=239 b=349 xy=1,-1
      d=0 c=2 s=-224 a=-349 b=-239 xy=0,-5
      ==804
    ==-804
    d=1 c=1 s=-224 a=239 b=349 xy=2,-1
      d=0 c=2 s=-224 a=-349 b=-239 xy=0,-5
      ==804
    ==-804
  ==349
       ....349 > alpha
==-349
d=3 c=1 s=5 a=-32600 b=349 xy=-1,-3
  d=2 c=2 s=5 a=-349 b=32600 xy=0,1
    d=1 c=1 s=5 a=-32600 b=349 xy=0,-5
      d=0 c=2 s=35 a=-349 b=32600 xy=-3,-5
      ==205
       ....205 > alpha
      d=0 c=2 s=35 a=-349 b=-205 xy=-1,-4
      ==-35
      d=0 c=2 s=35 a=-349 b=-205 xy=1,-3
      ==8
      d=0 c=2 s=35 a=-349 b=-205 xy=1,-2
      ==-29
      d=0 c=2 s=35 a=-349 b=-205 xy=-1,-1
      ==-35
      d=0 c=2 s=35 a=-349 b=-205 xy=0,-1
      ==85
      d=0 c=2 s=35 a=-349 b=-205 xy=1,-1
      ==-35
      d=0 c=2 s=35 a=-349 b=-205 xy=2,-1
      ==-27
    ==-205
       ....-205 > alpha
    d=1 c=1 s=5 a=-32600 b=205 xy=-1,-4
      d=0 c=2 s=30 a=-205 b=32600 xy=0,-5
      ==550
    ==-550
    d=1 c=1 s=5 a=-32600 b=205 xy=1,-3
      d=0 c=2 s=5 a=-205 b=32600 xy=0,-5
      ==575
    ==-575
    d=1 c=1 s=5 a=-32600 b=205 xy=1,-2
      d=0 c=2 s=5 a=-205 b=32600 xy=0,-5
      ==575
    ==-575
    d=1 c=1 s=5 a=-32600 b=205 xy=-1,-1
      d=0 c=2 s=30 a=-205 b=32600 xy=0,-5
      ==550
    ==-550
    d=1 c=1 s=5 a=-32600 b=205 xy=0,-1
      d=0 c=2 s=32 a=-205 b=32600 xy=0,-5
      ==123
      d=0 c=2 s=32 a=-205 b=-123 xy=-1,-4
      ==-32
      d=0 c=2 s=32 a=-205 b=-123 xy=-2,-3
      ==-32
      d=0 c=2 s=32 a=-205 b=-123 xy=1,-3
      ==11
      d=0 c=2 s=32 a=-205 b=-123 xy=1,-2
      ==-26
      d=0 c=2 s=32 a=-205 b=-123 xy=-1,-1
      ==-32
      d=0 c=2 s=32 a=-205 b=-123 xy=1,-1
      ==-32
      d=0 c=2 s=32 a=-205 b=-123 xy=2,-1
      ==-24
      d=0 c=2 s=32 a=-205 b=-123 xy=1,0
      ==-32
    ==-123
       ....-123 > alpha
    d=1 c=1 s=5 a=-32600 b=123 xy=1,-1
      d=0 c=2 s=5 a=-123 b=32600 xy=0,-5
      ==575
    ==-575
    d=1 c=1 s=5 a=-32600 b=123 xy=2,-1
      d=0 c=2 s=5 a=-123 b=32600 xy=0,-5
      ==575
    ==-575
  ==123
  d=2 c=2 s=5 a=-349 b=-123 xy=0,-5
    d=1 c=1 s=-125 a=123 b=349 xy=0,-6
      d=0 c=2 s=-15 a=-349 b=-123 xy=-3,-5
      ==255
       ....255 > alpha
      d=0 c=2 s=-15 a=-349 b=-255 xy=-1,-5
      ==15
      d=0 c=2 s=-15 a=-349 b=-255 xy=-1,-4
      ==15
      d=0 c=2 s=-15 a=-349 b=-255 xy=1,-3
      ==58
      d=0 c=2 s=-15 a=-349 b=-255 xy=1,-2
      ==21
      d=0 c=2 s=-15 a=-349 b=-255 xy=-1,-1
      ==15
      d=0 c=2 s=-15 a=-349 b=-255 xy=0,-1
      ==10014
       ....10014 > beta
    ==-10014
    d=1 c=1 s=-125 a=123 b=349 xy=-3,-5
      d=0 c=2 s=-109 a=-349 b=-123 xy=0,-1
      ==10108
    ==-10108
    d=1 c=1 s=-125 a=123 b=349 xy=-1,-4
      d=0 c=2 s=-100 a=-349 b=-123 xy=0,-1
      ==10099
    ==-10099
    d=1 c=1 s=-125 a=123 b=349 xy=1,-3
      d=0 c=2 s=-125 a=-349 b=-123 xy=0,-1
      ==10124
    ==-10124
    d=1 c=1 s=-125 a=123 b=349 xy=1,-2
      d=0 c=2 s=-125 a=-349 b=-123 xy=0,-1
      ==10124
    ==-10124
    d=1 c=1 s=-125 a=123 b=349 xy=-1,-1
      d=0 c=2 s=-100 a=-349 b=-123 xy=0,-1
      ==10099
    ==-10099
    d=1 c=1 s=-125 a=123 b=349 xy=0,-1
      d=0 c=2 s=-32 a=-349 b=-123 xy=0,-6
      ==10031
       ....10031 > beta
    ==-10031
    d=1 c=1 s=-125 a=123 b=349 xy=1,-1
      d=0 c=2 s=-125 a=-349 b=-123 xy=0,-6
      ==10124
    ==-10124
    d=1 c=1 s=-125 a=123 b=349 xy=2,-1
      d=0 c=2 s=-125 a=-349 b=-123 xy=0,-6
      ==10124
    ==-10124
  ==10014
       ....10014 > beta
==-10014
d=3 c=1 s=4 a=-32600 b=349 xy=-1,-4
  d=2 c=2 s=4 a=-349 b=32600 xy=0,-5
    d=1 c=1 s=-126 a=-32600 b=349 xy=-1,-3
      d=0 c=2 s=-101 a=-349 b=32600 xy=0,-6
      ==10100
    ==-10100
    d=1 c=1 s=-126 a=-32600 b=349 xy=0,-6
      d=0 c=2 s=-16 a=-349 b=32600 xy=-1,-5
      ==16
       ....16 > alpha
      d=0 c=2 s=-16 a=-349 b=-16 xy=-3,-4
      ==256
       ....256 > alpha
      d=0 c=2 s=-16 a=-349 b=-256 xy=-2,-3
      ==16
      d=0 c=2 s=-16 a=-349 b=-256 xy=-1,-3
      ==59
      d=0 c=2 s=-16 a=-349 b=-256 xy=1,-3
      ==72
      d=0 c=2 s=-16 a=-349 b=-256 xy=1,-2
      ==16
      d=0 c=2 s=-16 a=-349 b=-256 xy=0,-1
      ==10015
       ....10015 > beta
    ==-10015
    d=1 c=1 s=-126 a=-32600 b=349 xy=-3,-4
      d=0 c=2 s=-110 a=-349 b=32600 xy=0,-1
      ==10109
    ==-10109
    d=1 c=1 s=-126 a=-32600 b=349 xy=-2,-3
      d=0 c=2 s=-126 a=-349 b=32600 xy=0,-1
      ==10135
    ==-10135
    d=1 c=1 s=-126 a=-32600 b=349 xy=1,-3
      d=0 c=2 s=-126 a=-349 b=32600 xy=0,-1
      ==10125
    ==-10125
    d=1 c=1 s=-126 a=-32600 b=349 xy=1,-2
      d=0 c=2 s=-126 a=-349 b=32600 xy=0,-1
      ==10125
    ==-10125
    d=1 c=1 s=-126 a=-32600 b=349 xy=0,-1
      d=0 c=2 s=-33 a=-349 b=32600 xy=0,-6
      ==10032
       ....10032 > beta
    ==-10032
    d=1 c=1 s=-126 a=-32600 b=349 xy=1,-1
      d=0 c=2 s=-126 a=-349 b=32600 xy=0,-6
      ==10125
    ==-10125
    d=1 c=1 s=-126 a=-32600 b=349 xy=2,-1
      d=0 c=2 s=-126 a=-349 b=32600 xy=0,-6
      ==10125
    ==-10125
  ==10015
==-10015
d=3 c=1 s=4 a=-32600 b=349 xy=-2,-3
  d=2 c=2 s=4 a=-349 b=32600 xy=0,-5
    d=1 c=1 s=-126 a=-32600 b=349 xy=-1,-3
      d=0 c=2 s=-126 a=-349 b=32600 xy=0,-6
      ==10125
    ==-10125
    d=1 c=1 s=-126 a=-32600 b=349 xy=0,-6
      d=0 c=2 s=-16 a=-349 b=32600 xy=-2,-5
      ==256
       ....256 > alpha
      d=0 c=2 s=-16 a=-349 b=-256 xy=-1,-5
      ==16
      d=0 c=2 s=-16 a=-349 b=-256 xy=-3,-4
      ==26
      d=0 c=2 s=-16 a=-349 b=-256 xy=-1,-4
      ==16
      d=0 c=2 s=-16 a=-349 b=-256 xy=-1,-3
      ==46
      d=0 c=2 s=-16 a=-349 b=-256 xy=1,-3
      ==72
      d=0 c=2 s=-16 a=-349 b=-256 xy=1,-2
      ==22
      d=0 c=2 s=-16 a=-349 b=-256 xy=-4,-1
      ==26
      d=0 c=2 s=-16 a=-349 b=-256 xy=0,-1
      ==10025
       ....10025 > beta
    ==-10025
    d=1 c=1 s=-126 a=-32600 b=349 xy=-2,-5
      d=0 c=2 s=-110 a=-349 b=32600 xy=0,-1
      ==10119
    ==-10119
    d=1 c=1 s=-126 a=-32600 b=349 xy=-3,-4
      d=0 c=2 s=-88 a=-349 b=32600 xy=0,-1
      ==10117
    ==-10117
    d=1 c=1 s=-126 a=-32600 b=349 xy=-1,-4
      d=0 c=2 s=-125 a=-349 b=32600 xy=0,-1
      ==10134
    ==-10134
    d=1 c=1 s=-126 a=-32600 b=349 xy=1,-3
      d=0 c=2 s=-126 a=-349 b=32600 xy=0,-1
      ==10135
    ==-10135
    d=1 c=1 s=-126 a=-32600 b=349 xy=1,-2
      d=0 c=2 s=-126 a=-349 b=32600 xy=0,-1
      ==10135
    ==-10135
    d=1 c=1 s=-126 a=-32600 b=349 xy=-4,-1
      d=0 c=2 s=-86 a=-349 b=32600 xy=0,-1
      ==10095
    ==-10095
    d=1 c=1 s=-126 a=-32600 b=349 xy=0,-1
      d=0 c=2 s=9 a=-349 b=32600 xy=0,-6
      ==9990
       ....9990 > beta
    ==-9990
    d=1 c=1 s=-126 a=-32600 b=349 xy=1,-1
      d=0 c=2 s=-126 a=-349 b=32600 xy=0,-6
      ==10125
    ==-10125
    d=1 c=1 s=-126 a=-32600 b=349 xy=2,-1
      d=0 c=2 s=-126 a=-349 b=32600 xy=0,-6
      ==10125
    ==-10125
  ==9990
==-9990
d=3 c=1 s=4 a=-32600 b=349 xy=1,-3
  d=2 c=2 s=4 a=-349 b=32600 xy=0,-5
    d=1 c=1 s=-126 a=-32600 b=349 xy=-1,-3
      d=0 c=2 s=-126 a=-349 b=32600 xy=0,-6
      ==10125
    ==-10125
    d=1 c=1 s=-126 a=-32600 b=349 xy=0,-6
      d=0 c=2 s=-16 a=-349 b=32600 xy=-1,-5
      ==16
       ....16 > alpha
      d=0 c=2 s=-16 a=-349 b=-16 xy=-1,-3
      ==46
       ....46 > alpha
      d=0 c=2 s=-16 a=-349 b=-46 xy=1,-2
      ==22
      d=0 c=2 s=-16 a=-349 b=-46 xy=0,-1
      ==10015
       ....10015 > beta
    ==-10015
    d=1 c=1 s=-126 a=-32600 b=349 xy=1,-2
      d=0 c=2 s=-126 a=-349 b=32600 xy=0,-1
      ==10125
    ==-10125
    d=1 c=1 s=-126 a=-32600 b=349 xy=0,-1
      d=0 c=2 s=-33 a=-349 b=32600 xy=0,-6
      ==10032
       ....10032 > beta
    ==-10032
    d=1 c=1 s=-126 a=-32600 b=349 xy=1,-1
      d=0 c=2 s=-126 a=-349 b=32600 xy=0,-6
      ==10125
    ==-10125
    d=1 c=1 s=-126 a=-32600 b=349 xy=2,-1
      d=0 c=2 s=-126 a=-349 b=32600 xy=0,-6
      ==10125
    ==-10125
  ==10015
==-10015
d=3 c=1 s=4 a=-32600 b=349 xy=-1,-1
  d=2 c=2 s=4 a=-349 b=32600 xy=0,-5
    d=1 c=1 s=-126 a=-32600 b=349 xy=-1,-3
      d=0 c=2 s=-101 a=-349 b=32600 xy=0,-6
      ==10100
    ==-10100
    d=1 c=1 s=-126 a=-32600 b=349 xy=0,-6
      d=0 c=2 s=-16 a=-349 b=32600 xy=-1,-5
      ==16
       ....16 > alpha
      d=0 c=2 s=-16 a=-349 b=-16 xy=-1,-3
      ==69
       ....69 > alpha
      d=0 c=2 s=-16 a=-349 b=-69 xy=1,-3
      ==59
      d=0 c=2 s=-16 a=-349 b=-69 xy=1,-2
      ==22
      d=0 c=2 s=-16 a=-349 b=-69 xy=0,-1
      ==10015
       ....10015 > beta
    ==-10015
    d=1 c=1 s=-126 a=-32600 b=349 xy=1,-3
      d=0 c=2 s=-126 a=-349 b=32600 xy=0,-1
      ==10125
    ==-10125
    d=1 c=1 s=-126 a=-32600 b=349 xy=1,-2
      d=0 c=2 s=-126 a=-349 b=32600 xy=0,-1
      ==10125
    ==-10125
    d=1 c=1 s=-126 a=-32600 b=349 xy=0,-1
      d=0 c=2 s=-35 a=-349 b=32600 xy=0,-6
      ==10034
       ....10034 > beta
    ==-10034
    d=1 c=1 s=-126 a=-32600 b=349 xy=1,-1
      d=0 c=2 s=-126 a=-349 b=32600 xy=0,-6
      ==10125
    ==-10125
    d=1 c=1 s=-126 a=-32600 b=349 xy=2,-1
      d=0 c=2 s=-126 a=-349 b=32600 xy=0,-6
      ==10125
    ==-10125
    d=1 c=1 s=-126 a=-32600 b=349 xy=-1,0
      d=0 c=2 s=-88 a=-349 b=32600 xy=0,-6
      ==10087
    ==-10087
    d=1 c=1 s=-126 a=-32600 b=349 xy=1,1
      d=0 c=2 s=-112 a=-349 b=32600 xy=0,-6
      ==10111
    ==-10111
  ==10015
==-10015
d=3 c=1 s=4 a=-32600 b=349 xy=1,-1
  d=2 c=2 s=4 a=-349 b=32600 xy=0,-5
    d=1 c=1 s=-126 a=-32600 b=349 xy=-1,-3
      d=0 c=2 s=-126 a=-349 b=32600 xy=0,-6
      ==10125
    ==-10125
    d=1 c=1 s=-126 a=-32600 b=349 xy=0,-6
      d=0 c=2 s=-16 a=-349 b=32600 xy=-1,-5
      ==16
       ....16 > alpha
      d=0 c=2 s=-16 a=-349 b=-16 xy=-1,-3
      ==73
       ....73 > alpha
      d=0 c=2 s=-16 a=-349 b=-73 xy=1,-3
      ==72
      d=0 c=2 s=-16 a=-349 b=-73 xy=1,-2
      ==22
      d=0 c=2 s=-16 a=-349 b=-73 xy=0,-1
      ==10015
       ....10015 > beta
    ==-10015
    d=1 c=1 s=-126 a=-32600 b=349 xy=1,-3
      d=0 c=2 s=-126 a=-349 b=32600 xy=0,-1
      ==10125
    ==-10125
    d=1 c=1 s=-126 a=-32600 b=349 xy=1,-2
      d=0 c=2 s=-126 a=-349 b=32600 xy=0,-1
      ==10125
    ==-10125
    d=1 c=1 s=-126 a=-32600 b=349 xy=0,-1
      d=0 c=2 s=-35 a=-349 b=32600 xy=0,-6
      ==10034
       ....10034 > beta
    ==-10034
    d=1 c=1 s=-126 a=-32600 b=349 xy=2,-1
      d=0 c=2 s=-126 a=-349 b=32600 xy=0,-6
      ==10125
    ==-10125
    d=1 c=1 s=-126 a=-32600 b=349 xy=-1,1
      d=0 c=2 s=-110 a=-349 b=32600 xy=0,-6
      ==10109
    ==-10109
  ==10015
==-10015
d=3 c=1 s=3 a=-32600 b=349 xy=2,-4
  d=2 c=2 s=3 a=-349 b=32600 xy=0,-5
    d=1 c=1 s=-127 a=-32600 b=349 xy=-1,-3
      d=0 c=2 s=-127 a=-349 b=32600 xy=0,-6
      ==10126
    ==-10126
    d=1 c=1 s=-127 a=-32600 b=349 xy=0,-6
      d=0 c=2 s=-17 a=-349 b=32600 xy=-1,-5
      ==17
       ....17 > alpha
      d=0 c=2 s=-17 a=-349 b=-17 xy=1,-5
      ==17
      d=0 c=2 s=-17 a=-349 b=-17 xy=-1,-3
      ==60
       ....60 > alpha
      d=0 c=2 s=-17 a=-349 b=-60 xy=1,-3
      ==60
      d=0 c=2 s=-17 a=-349 b=-60 xy=1,-2
      ==23
      d=0 c=2 s=-17 a=-349 b=-60 xy=0,-1
      ==10016
       ....10016 > beta
    ==-10016
    d=1 c=1 s=-127 a=-32600 b=349 xy=1,-3
      d=0 c=2 s=-127 a=-349 b=32600 xy=0,-1
      ==10126
    ==-10126
    d=1 c=1 s=-127 a=-32600 b=349 xy=1,-2
      d=0 c=2 s=-127 a=-349 b=32600 xy=0,-1
      ==10126
    ==-10126
    d=1 c=1 s=-127 a=-32600 b=349 xy=0,-1
      d=0 c=2 s=-34 a=-349 b=32600 xy=0,-6
      ==10033
       ....10033 > beta
    ==-10033
    d=1 c=1 s=-127 a=-32600 b=349 xy=1,-1
      d=0 c=2 s=-127 a=-349 b=32600 xy=0,-6
      ==10126
    ==-10126
    d=1 c=1 s=-127 a=-32600 b=349 xy=2,-1
      d=0 c=2 s=-127 a=-349 b=32600 xy=0,-6
      ==10126
    ==-10126
  ==10016
==-10016
d=3 c=1 s=3 a=-32600 b=349 xy=1,-2
  d=2 c=2 s=3 a=-349 b=32600 xy=0,-5
    d=1 c=1 s=-127 a=-32600 b=349 xy=-1,-3
      d=0 c=2 s=-127 a=-349 b=32600 xy=0,-6
      ==10126
    ==-10126
    d=1 c=1 s=-127 a=-32600 b=349 xy=0,-6
      d=0 c=2 s=-17 a=-349 b=32600 xy=-1,-5
      ==17
       ....17 > alpha
      d=0 c=2 s=-17 a=-349 b=-17 xy=-1,-3
      ==60
       ....60 > alpha
      d=0 c=2 s=-17 a=-349 b=-60 xy=1,-3
      ==73
       ....73 > alpha
      d=0 c=2 s=-17 a=-349 b=-73 xy=0,-1
      ==10016
       ....10016 > beta
    ==-10016
    d=1 c=1 s=-127 a=-32600 b=349 xy=1,-3
      d=0 c=2 s=-127 a=-349 b=32600 xy=0,-1
      ==10126
    ==-10126
    d=1 c=1 s=-127 a=-32600 b=349 xy=0,-1
      d=0 c=2 s=-36 a=-349 b=32600 xy=0,-6
      ==10035
       ....10035 > beta
    ==-10035
    d=1 c=1 s=-127 a=-32600 b=349 xy=1,-1
      d=0 c=2 s=-127 a=-349 b=32600 xy=0,-6
      ==10126
    ==-10126
    d=1 c=1 s=-127 a=-32600 b=349 xy=2,-1
      d=0 c=2 s=-127 a=-349 b=32600 xy=0,-6
      ==10126
    ==-10126
  ==10016
==-10016
d=3 c=1 s=3 a=-32600 b=349 xy=4,-2
  d=2 c=2 s=3 a=-349 b=32600 xy=0,-5
    d=1 c=1 s=-127 a=-32600 b=349 xy=-1,-3
      d=0 c=2 s=-127 a=-349 b=32600 xy=0,-6
      ==10126
    ==-10126
    d=1 c=1 s=-127 a=-32600 b=349 xy=0,-6
      d=0 c=2 s=-17 a=-349 b=32600 xy=-1,-5
      ==17
       ....17 > alpha
      d=0 c=2 s=-17 a=-349 b=-17 xy=-1,-3
      ==60
       ....60 > alpha
      d=0 c=2 s=-17 a=-349 b=-60 xy=1,-3
      ==73
       ....73 > alpha
      d=0 c=2 s=-17 a=-349 b=-73 xy=1,-2
      ==23
      d=0 c=2 s=-17 a=-349 b=-73 xy=0,-1
      ==10016
       ....10016 > beta
    ==-10016
    d=1 c=1 s=-127 a=-32600 b=349 xy=1,-3
      d=0 c=2 s=-127 a=-349 b=32600 xy=0,-1
      ==10126
    ==-10126
    d=1 c=1 s=-127 a=-32600 b=349 xy=1,-2
      d=0 c=2 s=-127 a=-349 b=32600 xy=0,-1
      ==10126
    ==-10126
    d=1 c=1 s=-127 a=-32600 b=349 xy=0,-1
      d=0 c=2 s=-34 a=-349 b=32600 xy=0,-6
      ==10033
       ....10033 > beta
    ==-10033
    d=1 c=1 s=-127 a=-32600 b=349 xy=1,-1
      d=0 c=2 s=-127 a=-349 b=32600 xy=0,-6
      ==10126
    ==-10126
    d=1 c=1 s=-127 a=-32600 b=349 xy=2,-1
      d=0 c=2 s=-127 a=-349 b=32600 xy=0,-6
      ==10126
    ==-10126
    d=1 c=1 s=-127 a=-32600 b=349 xy=4,-1
      d=0 c=2 s=-87 a=-349 b=32600 xy=0,-6
      ==10086
    ==-10086
  ==10016
==-10016
d=3 c=1 s=3 a=-32600 b=349 xy=-2,-1
  d=2 c=2 s=3 a=-349 b=32600 xy=0,-5
    d=1 c=1 s=-127 a=-32600 b=349 xy=-1,-3
      d=0 c=2 s=-127 a=-349 b=32600 xy=0,-6
      ==10126
    ==-10126
    d=1 c=1 s=-127 a=-32600 b=349 xy=0,-6
      d=0 c=2 s=-17 a=-349 b=32600 xy=-1,-5
      ==17
       ....17 > alpha
      d=0 c=2 s=-17 a=-349 b=-17 xy=-4,-3
      ==27
       ....27 > alpha
      d=0 c=2 s=-17 a=-349 b=-27 xy=-1,-3
      ==60
       ....60 > alpha
      d=0 c=2 s=-17 a=-349 b=-60 xy=1,-3
      ==73
       ....73 > alpha
      d=0 c=2 s=-17 a=-349 b=-73 xy=1,-2
      ==23
      d=0 c=2 s=-17 a=-349 b=-73 xy=0,-1
      ==10016
       ....10016 > beta
    ==-10016
    d=1 c=1 s=-127 a=-32600 b=349 xy=-4,-3
      d=0 c=2 s=-87 a=-349 b=32600 xy=0,-1
      ==10086
    ==-10086
    d=1 c=1 s=-127 a=-32600 b=349 xy=1,-3
      d=0 c=2 s=-127 a=-349 b=32600 xy=0,-1
      ==10126
    ==-10126
    d=1 c=1 s=-127 a=-32600 b=349 xy=1,-2
      d=0 c=2 s=-127 a=-349 b=32600 xy=0,-1
      ==10126
    ==-10126
    d=1 c=1 s=-127 a=-32600 b=349 xy=0,-1
      d=0 c=2 s=-34 a=-349 b=32600 xy=0,-6
      ==10033
       ....10033 > beta
    ==-10033
    d=1 c=1 s=-127 a=-32600 b=349 xy=1,-1
      d=0 c=2 s=-127 a=-349 b=32600 xy=0,-6
      ==10126
    ==-10126
    d=1 c=1 s=-127 a=-32600 b=349 xy=2,-1
      d=0 c=2 s=-127 a=-349 b=32600 xy=0,-6
      ==10126
    ==-10126
    d=1 c=1 s=-127 a=-32600 b=349 xy=-3,0
      d=0 c=2 s=-111 a=-349 b=32600 xy=0,-6
      ==10110
    ==-10110
    d=1 c=1 s=-127 a=-32600 b=349 xy=-1,0
      d=0 c=2 s=-89 a=-349 b=32600 xy=0,-6
      ==10088
    ==-10088
  ==10016
==-10016
d=3 c=1 s=3 a=-32600 b=349 xy=2,-1
  d=2 c=2 s=3 a=-349 b=32600 xy=0,-5
    d=1 c=1 s=-127 a=-32600 b=349 xy=-1,-3
      d=0 c=2 s=-127 a=-349 b=32600 xy=0,-6
      ==10126
    ==-10126
    d=1 c=1 s=-127 a=-32600 b=349 xy=0,-6
      d=0 c=2 s=-17 a=-349 b=32600 xy=-1,-5
      ==17
       ....17 > alpha
      d=0 c=2 s=-17 a=-349 b=-17 xy=-1,-3
      ==60
       ....60 > alpha
      d=0 c=2 s=-17 a=-349 b=-60 xy=1,-3
      ==73
       ....73 > alpha
      d=0 c=2 s=-17 a=-349 b=-73 xy=1,-2
      ==17
      d=0 c=2 s=-17 a=-349 b=-73 xy=0,-1
      ==10016
       ....10016 > beta
    ==-10016
    d=1 c=1 s=-127 a=-32600 b=349 xy=1,-3
      d=0 c=2 s=-127 a=-349 b=32600 xy=0,-1
      ==10126
    ==-10126
    d=1 c=1 s=-127 a=-32600 b=349 xy=1,-2
      d=0 c=2 s=-127 a=-349 b=32600 xy=0,-1
      ==10126
    ==-10126
    d=1 c=1 s=-127 a=-32600 b=349 xy=0,-1
      d=0 c=2 s=-34 a=-349 b=32600 xy=0,-6
      ==10033
       ....10033 > beta
    ==-10033
    d=1 c=1 s=-127 a=-32600 b=349 xy=1,-1
      d=0 c=2 s=-127 a=-349 b=32600 xy=0,-6
      ==10126
    ==-10126
  ==10016
==-10016
d=3 c=1 s=3 a=-32600 b=349 xy=3,-1
  d=2 c=2 s=3 a=-349 b=32600 xy=0,-5
    d=1 c=1 s=-127 a=-32600 b=349 xy=-1,-3
      d=0 c=2 s=-127 a=-349 b=32600 xy=0,-6
      ==10126
    ==-10126
    d=1 c=1 s=-127 a=-32600 b=349 xy=0,-6
      d=0 c=2 s=-17 a=-349 b=32600 xy=-1,-5
      ==17
       ....17 > alpha
      d=0 c=2 s=-17 a=-349 b=-17 xy=-1,-3
      ==60
       ....60 > alpha
      d=0 c=2 s=-17 a=-349 b=-60 xy=1,-3
      ==21
      d=0 c=2 s=-17 a=-349 b=-60 xy=1,-2
      ==23
      d=0 c=2 s=-17 a=-349 b=-60 xy=0,-1
      ==10016
       ....10016 > beta
    ==-10016
    d=1 c=1 s=-127 a=-32600 b=349 xy=1,-3
      d=0 c=2 s=-127 a=-349 b=32600 xy=0,-1
      ==10126
    ==-10126
    d=1 c=1 s=-127 a=-32600 b=349 xy=1,-2
      d=0 c=2 s=-127 a=-349 b=32600 xy=0,-1
      ==10126
    ==-10126
    d=1 c=1 s=-127 a=-32600 b=349 xy=0,-1
      d=0 c=2 s=-34 a=-349 b=32600 xy=0,-6
      ==10033
       ....10033 > beta
    ==-10033
    d=1 c=1 s=-127 a=-32600 b=349 xy=1,-1
      d=0 c=2 s=-127 a=-349 b=32600 xy=0,-6
      ==10126
    ==-10126
    d=1 c=1 s=-127 a=-32600 b=349 xy=2,-1
      d=0 c=2 s=-127 a=-349 b=32600 xy=0,-6
      ==10126
    ==-10126
    d=1 c=1 s=-127 a=-32600 b=349 xy=5,1
      d=0 c=2 s=-111 a=-349 b=32600 xy=0,-6
      ==10110
    ==-10110
  ==10016
==-10016
d=3 c=1 s=3 a=-32600 b=349 xy=-2,0
  d=2 c=2 s=3 a=-349 b=32600 xy=0,-5
    d=1 c=1 s=-127 a=-32600 b=349 xy=-1,-3
      d=0 c=2 s=-127 a=-349 b=32600 xy=0,-6
      ==10126
    ==-10126
    d=1 c=1 s=-127 a=-32600 b=349 xy=0,-6
      d=0 c=2 s=-17 a=-349 b=32600 xy=-1,-5
      ==17
       ....17 > alpha
      d=0 c=2 s=-17 a=-349 b=-17 xy=-1,-3
      ==60
       ....60 > alpha
      d=0 c=2 s=-17 a=-349 b=-60 xy=1,-3
      ==73
       ....73 > alpha
      d=0 c=2 s=-17 a=-349 b=-73 xy=1,-2
      ==23
      d=0 c=2 s=-17 a=-349 b=-73 xy=0,-1
      ==10016
       ....10016 > beta
    ==-10016
    d=1 c=1 s=-127 a=-32600 b=349 xy=1,-3
      d=0 c=2 s=-127 a=-349 b=32600 xy=0,-1
      ==10126
    ==-10126
    d=1 c=1 s=-127 a=-32600 b=349 xy=1,-2
      d=0 c=2 s=-127 a=-349 b=32600 xy=0,-1
      ==10126
    ==-10126
    d=1 c=1 s=-127 a=-32600 b=349 xy=0,-1
      d=0 c=2 s=-34 a=-349 b=32600 xy=0,-6
      ==10033
       ....10033 > beta
    ==-10033
    d=1 c=1 s=-127 a=-32600 b=349 xy=1,-1
      d=0 c=2 s=-127 a=-349 b=32600 xy=0,-6
      ==10126
    ==-10126
    d=1 c=1 s=-127 a=-32600 b=349 xy=2,-1
      d=0 c=2 s=-127 a=-349 b=32600 xy=0,-6
      ==10126
    ==-10126
    d=1 c=1 s=-127 a=-32600 b=349 xy=-1,0
      d=0 c=2 s=-87 a=-349 b=32600 xy=0,-6
      ==10086
    ==-10086
  ==10016
==-10016
d=3 c=1 s=3 a=-32600 b=349 xy=-1,0
  d=2 c=2 s=3 a=-349 b=32600 xy=0,-5
    d=1 c=1 s=-127 a=-32600 b=349 xy=-1,-3
      d=0 c=2 s=-127 a=-349 b=32600 xy=0,-6
      ==10126
    ==-10126
    d=1 c=1 s=-127 a=-32600 b=349 xy=0,-6
      d=0 c=2 s=-17 a=-349 b=32600 xy=-1,-5
      ==17
       ....17 > alpha
      d=0 c=2 s=-17 a=-349 b=-17 xy=-1,-3
      ==60
       ....60 > alpha
      d=0 c=2 s=-17 a=-349 b=-60 xy=1,-3
      ==73
       ....73 > alpha
      d=0 c=2 s=-17 a=-349 b=-73 xy=1,-2
      ==23
      d=0 c=2 s=-17 a=-349 b=-73 xy=-2,-1
      ==17
      d=0 c=2 s=-17 a=-349 b=-73 xy=-1,-1
      ==17
      d=0 c=2 s=-17 a=-349 b=-73 xy=0,-1
      ==10016
       ....10016 > beta
    ==-10016
    d=1 c=1 s=-127 a=-32600 b=349 xy=1,-3
      d=0 c=2 s=-127 a=-349 b=32600 xy=0,-1
      ==10126
    ==-10126
    d=1 c=1 s=-127 a=-32600 b=349 xy=1,-2
      d=0 c=2 s=-127 a=-349 b=32600 xy=0,-1
      ==10126
    ==-10126
    d=1 c=1 s=-127 a=-32600 b=349 xy=-2,-1
      d=0 c=2 s=-102 a=-349 b=32600 xy=0,-1
      ==10101
    ==-10101
    d=1 c=1 s=-127 a=-32600 b=349 xy=-1,-1
      d=0 c=2 s=-102 a=-349 b=32600 xy=0,-1
      ==10101
    ==-10101
    d=1 c=1 s=-127 a=-32600 b=349 xy=0,-1
      d=0 c=2 s=-36 a=-349 b=32600 xy=0,-6
      ==10035
       ....10035 > beta
    ==-10035
    d=1 c=1 s=-127 a=-32600 b=349 xy=1,-1
      d=0 c=2 s=-127 a=-349 b=32600 xy=0,-6
      ==10126
    ==-10126
    d=1 c=1 s=-127 a=-32600 b=349 xy=2,-1
      d=0 c=2 s=-127 a=-349 b=32600 xy=0,-6
      ==10126
    ==-10126
    d=1 c=1 s=-127 a=-32600 b=349 xy=-2,0
      d=0 c=2 s=-87 a=-349 b=32600 xy=0,-6
      ==10086
    ==-10086
    d=1 c=1 s=-127 a=-32600 b=349 xy=1,0
      d=0 c=2 s=-113 a=-349 b=32600 xy=0,-6
      ==10112
    ==-10112
  ==10016
==-10016
d=3 c=1 s=3 a=-32600 b=349 xy=1,0
  d=2 c=2 s=3 a=-349 b=32600 xy=0,-5
    d=1 c=1 s=-127 a=-32600 b=349 xy=-1,-3
      d=0 c=2 s=-127 a=-349 b=32600 xy=0,-6
      ==10126
    ==-10126
    d=1 c=1 s=-127 a=-32600 b=349 xy=0,-6
      d=0 c=2 s=-17 a=-349 b=32600 xy=-1,-5
      ==17
       ....17 > alpha
      d=0 c=2 s=-17 a=-349 b=-17 xy=-1,-3
      ==60
       ....60 > alpha
      d=0 c=2 s=-17 a=-349 b=-60 xy=1,-3
      ==73
       ....73 > alpha
      d=0 c=2 s=-17 a=-349 b=-73 xy=1,-2
      ==23
      d=0 c=2 s=-17 a=-349 b=-73 xy=0,-1
      ==10026
       ....10026 > beta
    ==-10026
    d=1 c=1 s=-127 a=-32600 b=349 xy=1,-3
      d=0 c=2 s=-127 a=-349 b=32600 xy=0,-1
      ==10136
    ==-10136
    d=1 c=1 s=-127 a=-32600 b=349 xy=1,-2
      d=0 c=2 s=-127 a=-349 b=32600 xy=0,-1
      ==10136
    ==-10136
    d=1 c=1 s=-127 a=-32600 b=349 xy=0,-1
      d=0 c=2 s=228 a=-349 b=32600 xy=0,-6
      ==9771
       ....9771 > beta
    ==-9771
    d=1 c=1 s=-127 a=-32600 b=349 xy=1,-1
      d=0 c=2 s=-127 a=-349 b=32600 xy=0,-6
      ==10126
    ==-10126
    d=1 c=1 s=-127 a=-32600 b=349 xy=2,-1
      d=0 c=2 s=-127 a=-349 b=32600 xy=0,-6
      ==10126
    ==-10126
    d=1 c=1 s=-127 a=-32600 b=349 xy=-1,0
      d=0 c=2 s=-111 a=-349 b=32600 xy=0,-6
      ==10110
    ==-10110
  ==9771
==-9771
d=3 c=1 s=2 a=-32600 b=349 xy=-3,-4
  d=2 c=2 s=2 a=-349 b=32600 xy=0,-5
    d=1 c=1 s=-128 a=-32600 b=349 xy=-1,-3
      d=0 c=2 s=-128 a=-349 b=32600 xy=0,-6
      ==10127
    ==-10127
    d=1 c=1 s=-128 a=-32600 b=349 xy=0,-6
      d=0 c=2 s=-18 a=-349 b=32600 xy=-1,-5
      ==18
       ....18 > alpha
      d=0 c=2 s=-18 a=-349 b=-18 xy=-4,-4
      ==28
       ....28 > alpha
      d=0 c=2 s=-18 a=-349 b=-28 xy=-1,-4
      ==18
      d=0 c=2 s=-18 a=-349 b=-28 xy=-3,-3
      ==18
      d=0 c=2 s=-18 a=-349 b=-28 xy=-2,-3
      ==18
      d=0 c=2 s=-18 a=-349 b=-28 xy=-1,-3
      ==61
       ....61 > alpha
      d=0 c=2 s=-18 a=-349 b=-61 xy=1,-3
      ==74
       ....74 > alpha
      d=0 c=2 s=-18 a=-349 b=-74 xy=1,-2
      ==24
      d=0 c=2 s=-18 a=-349 b=-74 xy=0,-1
      ==10017
       ....10017 > beta
    ==-10017
    d=1 c=1 s=-128 a=-32600 b=349 xy=-4,-4
      d=0 c=2 s=-88 a=-349 b=32600 xy=0,-1
      ==10087
    ==-10087
    d=1 c=1 s=-128 a=-32600 b=349 xy=-1,-4
      d=0 c=2 s=-112 a=-349 b=32600 xy=0,-1
      ==10111
    ==-10111
    d=1 c=1 s=-128 a=-32600 b=349 xy=-3,-3
      d=0 c=2 s=-90 a=-349 b=32600 xy=0,-1
      ==10089
    ==-10089
    d=1 c=1 s=-128 a=-32600 b=349 xy=-2,-3
      d=0 c=2 s=-105 a=-349 b=32600 xy=0,-1
      ==10134
    ==-10134
    d=1 c=1 s=-128 a=-32600 b=349 xy=1,-3
      d=0 c=2 s=-128 a=-349 b=32600 xy=0,-1
      ==10127
    ==-10127
    d=1 c=1 s=-128 a=-32600 b=349 xy=1,-2
      d=0 c=2 s=-128 a=-349 b=32600 xy=0,-1
      ==10127
    ==-10127
    d=1 c=1 s=-128 a=-32600 b=349 xy=0,-1
      d=0 c=2 s=-35 a=-349 b=32600 xy=0,-6
      ==10034
       ....10034 > beta
    ==-10034
    d=1 c=1 s=-128 a=-32600 b=349 xy=1,-1
      d=0 c=2 s=-128 a=-349 b=32600 xy=0,-6
      ==10127
    ==-10127
    d=1 c=1 s=-128 a=-32600 b=349 xy=2,-1
      d=0 c=2 s=-128 a=-349 b=32600 xy=0,-6
      ==10127
    ==-10127
  ==10017
==-10017
d=3 c=1 s=2 a=-32600 b=349 xy=1,-4
  d=2 c=2 s=2 a=-349 b=32600 xy=0,-5
    d=1 c=1 s=-128 a=-32600 b=349 xy=-1,-3
      d=0 c=2 s=-128 a=-349 b=32600 xy=0,-6
      ==10127
    ==-10127
    d=1 c=1 s=-128 a=-32600 b=349 xy=0,-6
      d=0 c=2 s=-18 a=-349 b=32600 xy=-1,-5
      ==18
       ....18 > alpha
      d=0 c=2 s=-18 a=-349 b=-18 xy=-1,-3
      ==61
       ....61 > alpha
      d=0 c=2 s=-18 a=-349 b=-61 xy=1,-3
      ==74
       ....74 > alpha
      d=0 c=2 s=-18 a=-349 b=-74 xy=1,-2
      ==24
      d=0 c=2 s=-18 a=-349 b=-74 xy=0,-1
      ==10017
       ....10017 > beta
    ==-10017
    d=1 c=1 s=-128 a=-32600 b=349 xy=1,-3
      d=0 c=2 s=-128 a=-349 b=32600 xy=0,-1
      ==10127
    ==-10127
    d=1 c=1 s=-128 a=-32600 b=349 xy=1,-2
      d=0 c=2 s=-128 a=-349 b=32600 xy=0,-1
      ==10127
    ==-10127
    d=1 c=1 s=-128 a=-32600 b=349 xy=0,-1
      d=0 c=2 s=-35 a=-349 b=32600 xy=0,-6
      ==10034
       ....10034 > beta
    ==-10034
    d=1 c=1 s=-128 a=-32600 b=349 xy=1,-1
      d=0 c=2 s=-128 a=-349 b=32600 xy=0,-6
      ==10127
    ==-10127
    d=1 c=1 s=-128 a=-32600 b=349 xy=2,-1
      d=0 c=2 s=-128 a=-349 b=32600 xy=0,-6
      ==10127
    ==-10127
  ==10017
==-10017
d=3 c=1 s=2 a=-32600 b=349 xy=-3,-3
  d=2 c=2 s=2 a=-349 b=32600 xy=0,-5
    d=1 c=1 s=-128 a=-32600 b=349 xy=-1,-3
      d=0 c=2 s=-128 a=-349 b=32600 xy=0,-6
      ==10127
    ==-10127
    d=1 c=1 s=-128 a=-32600 b=349 xy=0,-6
      d=0 c=2 s=-18 a=-349 b=32600 xy=-1,-5
      ==24
       ....24 > alpha
      d=0 c=2 s=-18 a=-349 b=-24 xy=-3,-4
      ==28
       ....28 > alpha
      d=0 c=2 s=-18 a=-349 b=-28 xy=-1,-3
      ==61
       ....61 > alpha
      d=0 c=2 s=-18 a=-349 b=-61 xy=1,-3
      ==74
       ....74 > alpha
      d=0 c=2 s=-18 a=-349 b=-74 xy=-4,-2
      ==28
      d=0 c=2 s=-18 a=-349 b=-74 xy=1,-2
      ==24
      d=0 c=2 s=-18 a=-349 b=-74 xy=-3,-1
      ==26
      d=0 c=2 s=-18 a=-349 b=-74 xy=0,-1
      ==10017
       ....10017 > beta
    ==-10017
    d=1 c=1 s=-128 a=-32600 b=349 xy=-1,-5
      d=0 c=2 s=-88 a=-349 b=32600 xy=0,-1
      ==10087
    ==-10087
    d=1 c=1 s=-128 a=-32600 b=349 xy=-3,-4
      d=0 c=2 s=-90 a=-349 b=32600 xy=0,-1
      ==10089
    ==-10089
    d=1 c=1 s=-128 a=-32600 b=349 xy=1,-3
      d=0 c=2 s=-128 a=-349 b=32600 xy=0,-1
      ==10127
    ==-10127
    d=1 c=1 s=-128 a=-32600 b=349 xy=-4,-2
      d=0 c=2 s=-103 a=-349 b=32600 xy=0,-1
      ==10102
    ==-10102
    d=1 c=1 s=-128 a=-32600 b=349 xy=1,-2
      d=0 c=2 s=-128 a=-349 b=32600 xy=0,-1
      ==10127
    ==-10127
    d=1 c=1 s=-128 a=-32600 b=349 xy=-3,-1
      d=0 c=2 s=-88 a=-349 b=32600 xy=0,-1
      ==10087
    ==-10087
    d=1 c=1 s=-128 a=-32600 b=349 xy=0,-1
      d=0 c=2 s=-35 a=-349 b=32600 xy=0,-6
      ==10034
       ....10034 > beta
    ==-10034
    d=1 c=1 s=-128 a=-32600 b=349 xy=1,-1
      d=0 c=2 s=-128 a=-349 b=32600 xy=0,-6
      ==10127
    ==-10127
    d=1 c=1 s=-128 a=-32600 b=349 xy=2,-1
      d=0 c=2 s=-128 a=-349 b=32600 xy=0,-6
      ==10127
    ==-10127
  ==10017
==-10017
d=3 c=1 s=2 a=-32600 b=349 xy=2,-3
  d=2 c=2 s=2 a=-349 b=32600 xy=0,-5
    d=1 c=1 s=-128 a=-32600 b=349 xy=-1,-3
      d=0 c=2 s=-128 a=-349 b=32600 xy=0,-6
      ==10127
    ==-10127
    d=1 c=1 s=-128 a=-32600 b=349 xy=0,-6
      d=0 c=2 s=-18 a=-349 b=32600 xy=-1,-5
      ==18
       ....18 > alpha
      d=0 c=2 s=-18 a=-349 b=-18 xy=-1,-3
      ==61
       ....61 > alpha
      d=0 c=2 s=-18 a=-349 b=-61 xy=1,-3
      ==61
      d=0 c=2 s=-18 a=-349 b=-61 xy=1,-2
      ==24
      d=0 c=2 s=-18 a=-349 b=-61 xy=0,-1
      ==10017
       ....10017 > beta
    ==-10017
    d=1 c=1 s=-128 a=-32600 b=349 xy=1,-3
      d=0 c=2 s=-128 a=-349 b=32600 xy=0,-1
      ==10127
    ==-10127
    d=1 c=1 s=-128 a=-32600 b=349 xy=1,-2
      d=0 c=2 s=-128 a=-349 b=32600 xy=0,-1
      ==10137
    ==-10137
    d=1 c=1 s=-128 a=-32600 b=349 xy=0,-1
      d=0 c=2 s=-35 a=-349 b=32600 xy=0,-6
      ==10034
       ....10034 > beta
    ==-10034
    d=1 c=1 s=-128 a=-32600 b=349 xy=1,-1
      d=0 c=2 s=-128 a=-349 b=32600 xy=0,-6
      ==10127
    ==-10127
    d=1 c=1 s=-128 a=-32600 b=349 xy=2,-1
      d=0 c=2 s=-128 a=-349 b=32600 xy=0,-6
      ==10127
    ==-10127
  ==10017
==-10017
d=3 c=1 s=2 a=-32600 b=349 xy=-3,-1
  d=2 c=2 s=2 a=-349 b=32600 xy=0,-5
    d=1 c=1 s=-128 a=-32600 b=349 xy=-1,-3
      d=0 c=2 s=-128 a=-349 b=32600 xy=0,-6
      ==10127
    ==-10127
    d=1 c=1 s=-128 a=-32600 b=349 xy=0,-6
      d=0 c=2 s=-18 a=-349 b=32600 xy=-1,-5
      ==18
       ....18 > alpha
      d=0 c=2 s=-18 a=-349 b=-18 xy=-3,-3
      ==26
       ....26 > alpha
      d=0 c=2 s=-18 a=-349 b=-26 xy=-1,-3
      ==18
      d=0 c=2 s=-18 a=-349 b=-26 xy=1,-3
      ==74
       ....74 > alpha
      d=0 c=2 s=-18 a=-349 b=-74 xy=1,-2
      ==24
      d=0 c=2 s=-18 a=-349 b=-74 xy=0,-1
      ==10017
       ....10017 > beta
    ==-10017
    d=1 c=1 s=-128 a=-32600 b=349 xy=-3,-3
      d=0 c=2 s=-90 a=-349 b=32600 xy=0,-1
      ==10089
    ==-10089
    d=1 c=1 s=-128 a=-32600 b=349 xy=1,-3
      d=0 c=2 s=-128 a=-349 b=32600 xy=0,-1
      ==10127
    ==-10127
    d=1 c=1 s=-128 a=-32600 b=349 xy=1,-2
      d=0 c=2 s=-128 a=-349 b=32600 xy=0,-1
      ==10127
    ==-10127
    d=1 c=1 s=-128 a=-32600 b=349 xy=0,-1
      d=0 c=2 s=-35 a=-349 b=32600 xy=0,-6
      ==10034
       ....10034 > beta
    ==-10034
    d=1 c=1 s=-128 a=-32600 b=349 xy=1,-1
      d=0 c=2 s=-128 a=-349 b=32600 xy=0,-6
      ==10127
    ==-10127
    d=1 c=1 s=-128 a=-32600 b=349 xy=2,-1
      d=0 c=2 s=-128 a=-349 b=32600 xy=0,-6
      ==10127
    ==-10127
    d=1 c=1 s=-128 a=-32600 b=349 xy=-3,0
      d=0 c=2 s=-88 a=-349 b=32600 xy=0,-6
      ==10087
    ==-10087
  ==10017
==-10017
d=3 c=1 s=2 a=-32600 b=349 xy=-3,0
  d=2 c=2 s=2 a=-349 b=32600 xy=0,-5
    d=1 c=1 s=-128 a=-32600 b=349 xy=-1,-3
      d=0 c=2 s=-128 a=-349 b=32600 xy=0,-6
      ==10127
    ==-10127
    d=1 c=1 s=-128 a=-32600 b=349 xy=0,-6
      d=0 c=2 s=-18 a=-349 b=32600 xy=-1,-5
      ==18
       ....18 > alpha
      d=0 c=2 s=-18 a=-349 b=-18 xy=-1,-3
      ==61
       ....61 > alpha
      d=0 c=2 s=-18 a=-349 b=-61 xy=1,-3
      ==74
       ....74 > alpha
      d=0 c=2 s=-18 a=-349 b=-74 xy=1,-2
      ==24
      d=0 c=2 s=-18 a=-349 b=-74 xy=-3,-1
      ==18
      d=0 c=2 s=-18 a=-349 b=-74 xy=-2,-1
      ==18
      d=0 c=2 s=-18 a=-349 b=-74 xy=0,-1
      ==10017
       ....10017 > beta
    ==-10017
    d=1 c=1 s=-128 a=-32600 b=349 xy=1,-3
      d=0 c=2 s=-128 a=-349 b=32600 xy=0,-1
      ==10127
    ==-10127
    d=1 c=1 s=-128 a=-32600 b=349 xy=1,-2
      d=0 c=2 s=-128 a=-349 b=32600 xy=0,-1
      ==10127
    ==-10127
    d=1 c=1 s=-128 a=-32600 b=349 xy=-3,-1
      d=0 c=2 s=-88 a=-349 b=32600 xy=0,-1
      ==10087
    ==-10087
    d=1 c=1 s=-128 a=-32600 b=349 xy=-2,-1
      d=0 c=2 s=-114 a=-349 b=32600 xy=0,-1
      ==10113
    ==-10113
    d=1 c=1 s=-128 a=-32600 b=349 xy=0,-1
      d=0 c=2 s=-35 a=-349 b=32600 xy=0,-6
      ==10034
       ....10034 > beta
    ==-10034
    d=1 c=1 s=-128 a=-32600 b=349 xy=1,-1
      d=0 c=2 s=-128 a=-349 b=32600 xy=0,-6
      ==10127
    ==-10127
    d=1 c=1 s=-128 a=-32600 b=349 xy=2,-1
      d=0 c=2 s=-128 a=-349 b=32600 xy=0,-6
      ==10127
    ==-10127
  ==10017
==-10017
d=3 c=1 s=2 a=-32600 b=349 xy=3,0
  d=2 c=2 s=2 a=-349 b=32600 xy=0,-5
    d=1 c=1 s=-128 a=-32600 b=349 xy=-1,-3
      d=0 c=2 s=-128 a=-349 b=32600 xy=0,-6
      ==10127
    ==-10127
    d=1 c=1 s=-128 a=-32600 b=349 xy=0,-6
      d=0 c=2 s=-18 a=-349 b=32600 xy=-1,-5
      ==18
       ....18 > alpha
      d=0 c=2 s=-18 a=-349 b=-18 xy=-1,-3
      ==61
       ....61 > alpha
      d=0 c=2 s=-18 a=-349 b=-61 xy=1,-3
      ==74
       ....74 > alpha
      d=0 c=2 s=-18 a=-349 b=-74 xy=1,-2
      ==24
      d=0 c=2 s=-18 a=-349 b=-74 xy=0,-1
      ==10017
       ....10017 > beta
    ==-10017
    d=1 c=1 s=-128 a=-32600 b=349 xy=1,-3
      d=0 c=2 s=-128 a=-349 b=32600 xy=0,-1
      ==10127
    ==-10127
    d=1 c=1 s=-128 a=-32600 b=349 xy=1,-2
      d=0 c=2 s=-128 a=-349 b=32600 xy=0,-1
      ==10127
    ==-10127
    d=1 c=1 s=-128 a=-32600 b=349 xy=0,-1
      d=0 c=2 s=-35 a=-349 b=32600 xy=0,-6
      ==10034
       ....10034 > beta
    ==-10034
    d=1 c=1 s=-128 a=-32600 b=349 xy=1,-1
      d=0 c=2 s=-128 a=-349 b=32600 xy=0,-6
      ==10127
    ==-10127
    d=1 c=1 s=-128 a=-32600 b=349 xy=2,-1
      d=0 c=2 s=-128 a=-349 b=32600 xy=0,-6
      ==10127
    ==-10127
    d=1 c=1 s=-128 a=-32600 b=349 xy=4,-1
      d=0 c=2 s=-90 a=-349 b=32600 xy=0,-6
      ==10089
    ==-10089
    d=1 c=1 s=-128 a=-32600 b=349 xy=5,0
      d=0 c=2 s=-112 a=-349 b=32600 xy=0,-6
      ==10111
    ==-10111
  ==10017
==-10017
d=3 c=1 s=2 a=-32600 b=349 xy=1,1
  d=2 c=2 s=2 a=-349 b=32600 xy=0,-5
    d=1 c=1 s=-128 a=-32600 b=349 xy=-1,-3
      d=0 c=2 s=-128 a=-349 b=32600 xy=0,-6
      ==10127
    ==-10127
    d=1 c=1 s=-128 a=-32600 b=349 xy=0,-6
      d=0 c=2 s=-18 a=-349 b=32600 xy=-1,-5
      ==18
       ....18 > alpha
      d=0 c=2 s=-18 a=-349 b=-18 xy=-1,-3
      ==61
       ....61 > alpha
      d=0 c=2 s=-18 a=-349 b=-61 xy=1,-3
      ==74
       ....74 > alpha
      d=0 c=2 s=-18 a=-349 b=-74 xy=1,-2
      ==24
      d=0 c=2 s=-18 a=-349 b=-74 xy=-1,-1
      ==18
      d=0 c=2 s=-18 a=-349 b=-74 xy=0,-1
      ==10017
       ....10017 > beta
    ==-10017
    d=1 c=1 s=-128 a=-32600 b=349 xy=1,-3
      d=0 c=2 s=-128 a=-349 b=32600 xy=0,-1
      ==10127
    ==-10127
    d=1 c=1 s=-128 a=-32600 b=349 xy=1,-2
      d=0 c=2 s=-128 a=-349 b=32600 xy=0,-1
      ==10127
    ==-10127
    d=1 c=1 s=-128 a=-32600 b=349 xy=-1,-1
      d=0 c=2 s=-114 a=-349 b=32600 xy=0,-1
      ==10113
    ==-10113
    d=1 c=1 s=-128 a=-32600 b=349 xy=0,-1
      d=0 c=2 s=-35 a=-349 b=32600 xy=0,-6
      ==10034
       ....10034 > beta
    ==-10034
    d=1 c=1 s=-128 a=-32600 b=349 xy=1,-1
      d=0 c=2 s=-128 a=-349 b=32600 xy=0,-6
      ==10127
    ==-10127
    d=1 c=1 s=-128 a=-32600 b=349 xy=2,-1
      d=0 c=2 s=-128 a=-349 b=32600 xy=0,-6
      ==10127
    ==-10127
    d=1 c=1 s=-128 a=-32600 b=349 xy=0,1
      d=0 c=2 s=-90 a=-349 b=32600 xy=0,-6
      ==10089
    ==-10089
    d=1 c=1 s=-128 a=-32600 b=349 xy=3,1
      d=0 c=2 s=-90 a=-349 b=32600 xy=0,-6
      ==10089
    ==-10089
    d=1 c=1 s=-128 a=-32600 b=349 xy=2,2
      d=0 c=2 s=-103 a=-349 b=32600 xy=0,-6
      ==10102
    ==-10102
  ==10017
==-10017
d=3 c=1 s=2 a=-32600 b=349 xy=3,1
  d=2 c=2 s=2 a=-349 b=32600 xy=0,-5
    d=1 c=1 s=-128 a=-32600 b=349 xy=-1,-3
      d=0 c=2 s=-128 a=-349 b=32600 xy=0,-6
      ==10127
    ==-10127
    d=1 c=1 s=-128 a=-32600 b=349 xy=0,-6
      d=0 c=2 s=-18 a=-349 b=32600 xy=-1,-5
      ==18
       ....18 > alpha
      d=0 c=2 s=-18 a=-349 b=-18 xy=-1,-3
      ==61
       ....61 > alpha
      d=0 c=2 s=-18 a=-349 b=-61 xy=1,-3
      ==74
       ....74 > alpha
      d=0 c=2 s=-18 a=-349 b=-74 xy=1,-2
      ==24
      d=0 c=2 s=-18 a=-349 b=-74 xy=0,-1
      ==10017
       ....10017 > beta
    ==-10017
    d=1 c=1 s=-128 a=-32600 b=349 xy=1,-3
      d=0 c=2 s=-128 a=-349 b=32600 xy=0,-1
      ==10127
    ==-10127
    d=1 c=1 s=-128 a=-32600 b=349 xy=1,-2
      d=0 c=2 s=-128 a=-349 b=32600 xy=0,-1
      ==10127
    ==-10127
    d=1 c=1 s=-128 a=-32600 b=349 xy=0,-1
      d=0 c=2 s=-35 a=-349 b=32600 xy=0,-6
      ==10034
       ....10034 > beta
    ==-10034
    d=1 c=1 s=-128 a=-32600 b=349 xy=1,-1
      d=0 c=2 s=-128 a=-349 b=32600 xy=0,-6
      ==10127
    ==-10127
    d=1 c=1 s=-128 a=-32600 b=349 xy=2,-1
      d=0 c=2 s=-128 a=-349 b=32600 xy=0,-6
      ==10127
    ==-10127
    d=1 c=1 s=-128 a=-32600 b=349 xy=5,-1
      d=0 c=2 s=-88 a=-349 b=32600 xy=0,-6
      ==10087
    ==-10087
    d=1 c=1 s=-128 a=-32600 b=349 xy=1,1
      d=0 c=2 s=-90 a=-349 b=32600 xy=0,-6
      ==10089
    ==-10089
    d=1 c=1 s=-128 a=-32600 b=349 xy=4,1
      d=0 c=2 s=-90 a=-349 b=32600 xy=0,-6
      ==10089
    ==-10089
    d=1 c=1 s=-128 a=-32600 b=349 xy=2,2
      d=0 c=2 s=-103 a=-349 b=32600 xy=0,-6
      ==10102
    ==-10102
  ==10017
==-10017
d=3 c=1 s=2 a=-32600 b=349 xy=0,2
  d=2 c=2 s=2 a=-349 b=32600 xy=0,-5
    d=1 c=1 s=-128 a=-32600 b=349 xy=-1,-3
      d=0 c=2 s=-128 a=-349 b=32600 xy=0,-6
      ==10127
    ==-10127
    d=1 c=1 s=-128 a=-32600 b=349 xy=0,-6
      d=0 c=2 s=-18 a=-349 b=32600 xy=-1,-5
      ==18
       ....18 > alpha
      d=0 c=2 s=-18 a=-349 b=-18 xy=-1,-3
      ==61
       ....61 > alpha
      d=0 c=2 s=-18 a=-349 b=-61 xy=1,-3
      ==74
       ....74 > alpha
      d=0 c=2 s=-18 a=-349 b=-74 xy=1,-2
      ==24
      d=0 c=2 s=-18 a=-349 b=-74 xy=0,-1
      ==10017
       ....10017 > beta
    ==-10017
    d=1 c=1 s=-128 a=-32600 b=349 xy=1,-3
      d=0 c=2 s=-128 a=-349 b=32600 xy=0,-1
      ==10127
    ==-10127
    d=1 c=1 s=-128 a=-32600 b=349 xy=1,-2
      d=0 c=2 s=-128 a=-349 b=32600 xy=0,-1
      ==10127
    ==-10127
    d=1 c=1 s=-128 a=-32600 b=349 xy=0,-1
      d=0 c=2 s=-35 a=-349 b=32600 xy=0,-6
      ==10034
       ....10034 > beta
    ==-10034
    d=1 c=1 s=-128 a=-32600 b=349 xy=1,-1
      d=0 c=2 s=-128 a=-349 b=32600 xy=0,-6
      ==10127
    ==-10127
    d=1 c=1 s=-128 a=-32600 b=349 xy=2,-1
      d=0 c=2 s=-128 a=-349 b=32600 xy=0,-6
      ==10127
    ==-10127
    d=1 c=1 s=-128 a=-32600 b=349 xy=0,1
      d=0 c=2 s=-88 a=-349 b=32600 xy=0,-6
      ==10087
    ==-10087
  ==10017
==-10017
d=3 c=1 s=2 a=-32600 b=349 xy=2,2
  d=2 c=2 s=2 a=-349 b=32600 xy=0,-5
    d=1 c=1 s=-128 a=-32600 b=349 xy=-1,-3
      d=0 c=2 s=-128 a=-349 b=32600 xy=0,-6
      ==10127
    ==-10127
    d=1 c=1 s=-128 a=-32600 b=349 xy=0,-6
      d=0 c=2 s=-18 a=-349 b=32600 xy=-1,-5
      ==18
       ....18 > alpha
      d=0 c=2 s=-18 a=-349 b=-18 xy=-1,-3
      ==61
       ....61 > alpha
      d=0 c=2 s=-18 a=-349 b=-61 xy=1,-3
      ==74
       ....74 > alpha
      d=0 c=2 s=-18 a=-349 b=-74 xy=1,-2
      ==24
      d=0 c=2 s=-18 a=-349 b=-74 xy=0,-1
      ==10017
       ....10017 > beta
    ==-10017
    d=1 c=1 s=-128 a=-32600 b=349 xy=1,-3
      d=0 c=2 s=-128 a=-349 b=32600 xy=0,-1
      ==10127
    ==-10127
    d=1 c=1 s=-128 a=-32600 b=349 xy=1,-2
      d=0 c=2 s=-128 a=-349 b=32600 xy=0,-1
      ==10127
    ==-10127
    d=1 c=1 s=-128 a=-32600 b=349 xy=0,-1
      d=0 c=2 s=-35 a=-349 b=32600 xy=0,-6
      ==10034
       ....10034 > beta
    ==-10034
    d=1 c=1 s=-128 a=-32600 b=349 xy=1,-1
      d=0 c=2 s=-128 a=-349 b=32600 xy=0,-6
      ==10127
    ==-10127
    d=1 c=1 s=-128 a=-32600 b=349 xy=2,-1
      d=0 c=2 s=-128 a=-349 b=32600 xy=0,-6
      ==10127
    ==-10127
    d=1 c=1 s=-128 a=-32600 b=349 xy=1,1
      d=0 c=2 s=-90 a=-349 b=32600 xy=0,-6
      ==10089
    ==-10089
    d=1 c=1 s=-128 a=-32600 b=349 xy=3,1
      d=0 c=2 s=-90 a=-349 b=32600 xy=0,-6
      ==10089
    ==-10089
    d=1 c=1 s=-128 a=-32600 b=349 xy=2,3
      d=0 c=2 s=-112 a=-349 b=32600 xy=0,-6
      ==10111
    ==-10111
  ==10017
==-10017
d=3 c=1 s=2 a=-32600 b=349 xy=4,2
  d=2 c=2 s=2 a=-349 b=32600 xy=0,-5
    d=1 c=1 s=-128 a=-32600 b=349 xy=-1,-3
      d=0 c=2 s=-128 a=-349 b=32600 xy=0,-6
      ==10127
    ==-10127
    d=1 c=1 s=-128 a=-32600 b=349 xy=0,-6
      d=0 c=2 s=-18 a=-349 b=32600 xy=-1,-5
      ==18
       ....18 > alpha
      d=0 c=2 s=-18 a=-349 b=-18 xy=-1,-3
      ==61
       ....61 > alpha
      d=0 c=2 s=-18 a=-349 b=-61 xy=1,-3
      ==74
       ....74 > alpha
      d=0 c=2 s=-18 a=-349 b=-74 xy=1,-2
      ==24
      d=0 c=2 s=-18 a=-349 b=-74 xy=0,-1
      ==10017
       ....10017 > beta
    ==-10017
    d=1 c=1 s=-128 a=-32600 b=349 xy=1,-3
      d=0 c=2 s=-128 a=-349 b=32600 xy=0,-1
      ==10127
    ==-10127
    d=1 c=1 s=-128 a=-32600 b=349 xy=1,-2
      d=0 c=2 s=-128 a=-349 b=32600 xy=0,-1
      ==10127
    ==-10127
    d=1 c=1 s=-128 a=-32600 b=349 xy=0,-1
      d=0 c=2 s=-35 a=-349 b=32600 xy=0,-6
      ==10034
       ....10034 > beta
    ==-10034
    d=1 c=1 s=-128 a=-32600 b=349 xy=1,-1
      d=0 c=2 s=-128 a=-349 b=32600 xy=0,-6
      ==10127
    ==-10127
    d=1 c=1 s=-128 a=-32600 b=349 xy=2,-1
      d=0 c=2 s=-128 a=-349 b=32600 xy=0,-6
      ==10127
    ==-10127
    d=1 c=1 s=-128 a=-32600 b=349 xy=4,1
      d=0 c=2 s=-88 a=-349 b=32600 xy=0,-6
      ==10087
    ==-10087
  ==10017
==-10017
d=3 c=1 s=1 a=-32600 b=349 xy=-2,-6
  d=2 c=2 s=1 a=-349 b=32600 xy=0,-5
    d=1 c=1 s=-129 a=-32600 b=349 xy=-1,-3
      d=0 c=2 s=-129 a=-349 b=32600 xy=0,-6
      ==10128
    ==-10128
    d=1 c=1 s=-129 a=-32600 b=349 xy=0,-6
      d=0 c=2 s=-19 a=-349 b=32600 xy=-1,-6
      ==19
       ....19 > alpha
      d=0 c=2 s=-19 a=-349 b=-19 xy=-2,-5
      ==19
      d=0 c=2 s=-19 a=-349 b=-19 xy=-1,-5
      ==19
      d=0 c=2 s=-19 a=-349 b=-19 xy=-1,-3
      ==62
       ....62 > alpha
      d=0 c=2 s=-19 a=-349 b=-62 xy=1,-3
      ==75
       ....75 > alpha
      d=0 c=2 s=-19 a=-349 b=-75 xy=1,-2
      ==25
      d=0 c=2 s=-19 a=-349 b=-75 xy=0,-1
      ==10018
       ....10018 > beta
    ==-10018
    d=1 c=1 s=-129 a=-32600 b=349 xy=-2,-5
      d=0 c=2 s=-89 a=-349 b=32600 xy=0,-1
      ==10088
    ==-10088
    d=1 c=1 s=-129 a=-32600 b=349 xy=1,-3
      d=0 c=2 s=-129 a=-349 b=32600 xy=0,-1
      ==10128
    ==-10128
    d=1 c=1 s=-129 a=-32600 b=349 xy=1,-2
      d=0 c=2 s=-129 a=-349 b=32600 xy=0,-1
      ==10128
    ==-10128
    d=1 c=1 s=-129 a=-32600 b=349 xy=0,-1
      d=0 c=2 s=-36 a=-349 b=32600 xy=0,-6
      ==10035
       ....10035 > beta
    ==-10035
    d=1 c=1 s=-129 a=-32600 b=349 xy=1,-1
      d=0 c=2 s=-129 a=-349 b=32600 xy=0,-6
      ==10128
    ==-10128
    d=1 c=1 s=-129 a=-32600 b=349 xy=2,-1
      d=0 c=2 s=-129 a=-349 b=32600 xy=0,-6
      ==10128
    ==-10128
  ==10018
==-10018
d=3 c=1 s=1 a=-32600 b=349 xy=0,-6
  d=2 c=2 s=1 a=-349 b=32600 xy=0,-5
    d=1 c=1 s=-124 a=-32600 b=349 xy=-1,-3
      d=0 c=2 s=-124 a=-349 b=32600 xy=-3,-5
      ==364
       ....364 > beta
    ==-364
    d=1 c=1 s=-124 a=-32600 b=349 xy=-1,-5
      d=0 c=2 s=-84 a=-349 b=32600 xy=-3,-5
      ==59
      d=0 c=2 s=-84 a=-349 b=-59 xy=1,-7
      ==89
       ....89 > alpha
      d=0 c=2 s=-84 a=-349 b=-89 xy=-3,-3
      ==87
      d=0 c=2 s=-84 a=-349 b=-89 xy=-1,-3
      ==77
      d=0 c=2 s=-84 a=-349 b=-89 xy=1,-3
      ==63
      d=0 c=2 s=-84 a=-349 b=-89 xy=1,-2
      ==65
      d=0 c=2 s=-84 a=-349 b=-89 xy=0,-1
      ==10083
       ....10083 > beta
    ==-10083
    d=1 c=1 s=-124 a=-32600 b=349 xy=1,-3
      d=0 c=2 s=-124 a=-349 b=32600 xy=0,-1
      ==10123
    ==-10123
    d=1 c=1 s=-124 a=-32600 b=349 xy=1,-2
      d=0 c=2 s=-124 a=-349 b=32600 xy=0,-1
      ==10123
    ==-10123
    d=1 c=1 s=-124 a=-32600 b=349 xy=0,-1
      d=0 c=2 s=-31 a=-349 b=32600 xy=-1,-5
      ==31
       ....31 > alpha
      d=0 c=2 s=-31 a=-349 b=-31 xy=-2,-3
      ==31
      d=0 c=2 s=-31 a=-349 b=-31 xy=-1,-3
      ==74
       ....74 > alpha
      d=0 c=2 s=-31 a=-349 b=-74 xy=1,-3
      ==87
       ....87 > alpha
      d=0 c=2 s=-31 a=-349 b=-87 xy=1,-2
      ==37
      d=0 c=2 s=-31 a=-349 b=-87 xy=1,-1
      ==76
      d=0 c=2 s=-31 a=-349 b=-87 xy=2,-1
      ==39
      d=0 c=2 s=-31 a=-349 b=-87 xy=1,0
      ==31
      d=0 c=2 s=-31 a=-349 b=-87 xy=0,1
      ==271
       ....271 > alpha
    ==-271
       ....-271 > alpha
    d=1 c=1 s=-124 a=-32600 b=271 xy=1,-1
      d=0 c=2 s=-124 a=-271 b=32600 xy=0,-1
      ==10123
    ==-10123
    d=1 c=1 s=-124 a=-32600 b=271 xy=2,-1
      d=0 c=2 s=-124 a=-271 b=32600 xy=0,-1
      ==10123
    ==-10123
  ==271
  d=2 c=2 s=1 a=-349 b=-271 xy=-1,-5
    d=1 c=1 s=1 a=271 b=349 xy=-1,-3
      d=0 c=2 s=1 a=-349 b=-271 xy=0,-1
      ==154
      d=0 c=2 s=1 a=-349 b=-271 xy=-2,-6
      ==59
      d=0 c=2 s=1 a=-349 b=-271 xy=-3,-5
      ==239
      d=0 c=2 s=1 a=-349 b=-271 xy=0,-5
      ==152
      d=0 c=2 s=1 a=-349 b=-271 xy=-1,-4
      ==-1
      d=0 c=2 s=1 a=-349 b=-271 xy=1,-3
      ==562
       ....562 > beta
    ==-562
    d=1 c=1 s=1 a=271 b=349 xy=-2,-6
      d=0 c=2 s=11 a=-349 b=-271 xy=1,-3
      ==140
      d=0 c=2 s=11 a=-349 b=-271 xy=-1,-6
      ==-11
      d=0 c=2 s=11 a=-349 b=-271 xy=-2,-5
      ==-11
      d=0 c=2 s=11 a=-349 b=-271 xy=0,-5
      ==142
      d=0 c=2 s=11 a=-349 b=-271 xy=-1,-3
      ==32
      d=0 c=2 s=11 a=-349 b=-271 xy=1,-2
      ==-5
      d=0 c=2 s=11 a=-349 b=-271 xy=0,-1
      ==144
      d=0 c=2 s=11 a=-349 b=-271 xy=1,-1
      ==34
      d=0 c=2 s=11 a=-349 b=-271 xy=2,-1
      ==-3
    ==-144
       ....-144 > beta
  ==144
  d=2 c=2 s=1 a=-349 b=-271 xy=-1,-3
    d=1 c=1 s=-17 a=271 b=349 xy=-2,-6
      d=0 c=2 s=-17 a=-349 b=-271 xy=1,-3
      ==435
    ==-435
    d=1 c=1 s=-17 a=271 b=349 xy=-1,-5
      d=0 c=2 s=23 a=-349 b=-271 xy=1,-3
      ==-7
      d=0 c=2 s=23 a=-349 b=-271 xy=1,-7
      ==-18
      d=0 c=2 s=23 a=-349 b=-271 xy=0,-5
      ==77
      d=0 c=2 s=23 a=-349 b=-271 xy=1,-5
      ==557
       ....557 > beta
    ==-557
    d=1 c=1 s=-17 a=271 b=349 xy=0,-5
      d=0 c=2 s=-2 a=-349 b=-271 xy=1,-5
      ==582
    ==-582
    d=1 c=1 s=-17 a=271 b=349 xy=1,-5
      d=0 c=2 s=11 a=-349 b=-271 xy=-1,-7
      ==-1
      d=0 c=2 s=11 a=-349 b=-271 xy=-1,-5
      ==-11
      d=0 c=2 s=11 a=-349 b=-271 xy=0,-5
      ==144
      d=0 c=2 s=11 a=-349 b=-271 xy=2,-4
      ==-1
      d=0 c=2 s=11 a=-349 b=-271 xy=-2,-3
      ==34
      d=0 c=2 s=11 a=-349 b=-271 xy=1,-3
      ==407
       ....407 > beta
    ==-407
    d=1 c=1 s=-17 a=271 b=349 xy=-2,-3
      d=0 c=2 s=-17 a=-349 b=-271 xy=1,-3
      ==83
      d=0 c=2 s=-17 a=-349 b=-271 xy=-2,-5
      ==257
      d=0 c=2 s=-17 a=-349 b=-271 xy=-1,-5
      ==17
      d=0 c=2 s=-17 a=-349 b=-271 xy=0,-5
      ==172
      d=0 c=2 s=-17 a=-349 b=-271 xy=1,-5
      ==597
       ....597 > beta
    ==-597
    d=1 c=1 s=-17 a=271 b=349 xy=1,-3
      d=0 c=2 s=-7 a=-349 b=-271 xy=1,-5
      ==587
    ==-587
    d=1 c=1 s=-17 a=271 b=349 xy=1,-2
      d=0 c=2 s=-17 a=-349 b=-271 xy=1,-5
      ==597
    ==-597
    d=1 c=1 s=-17 a=271 b=349 xy=-3,-1
      d=0 c=2 s=11 a=-349 b=-271 xy=1,-5
      ==144
      d=0 c=2 s=11 a=-349 b=-271 xy=-1,-5
      ==-11
      d=0 c=2 s=11 a=-349 b=-271 xy=0,-5
      ==144
      d=0 c=2 s=11 a=-349 b=-271 xy=-3,-3
      ==-3
      d=0 c=2 s=11 a=-349 b=-271 xy=-2,-3
      ==34
      d=0 c=2 s=11 a=-349 b=-271 xy=1,-3
      ==407
       ....407 > beta
    ==-407
    d=1 c=1 s=-17 a=271 b=349 xy=0,-1
      d=0 c=2 s=-4 a=-349 b=-271 xy=1,-3
      ==422
    ==-422
    d=1 c=1 s=-17 a=271 b=349 xy=1,-1
      d=0 c=2 s=208 a=-349 b=-271 xy=1,-3
      ==-150
      d=0 c=2 s=208 a=-349 b=-271 xy=-1,-5
      ==-208
      d=0 c=2 s=208 a=-349 b=-271 xy=0,-5
      ==-200
      d=0 c=2 s=208 a=-349 b=-271 xy=-1,-3
      ==-150
      d=0 c=2 s=208 a=-349 b=-271 xy=0,-2
      ==-148
      d=0 c=2 s=208 a=-349 b=-271 xy=2,-1
      ==-200
      d=0 c=2 s=208 a=-349 b=-271 xy=-1,1
      ==32
    ==-32
       ....-32 > beta
  ==32
  d=2 c=2 s=1 a=-349 b=-271 xy=1,-3
    d=1 c=1 s=-30 a=271 b=349 xy=1,-1
      d=0 c=2 s=-30 a=-349 b=-271 xy=-1,-5
      ==610
       ....610 > beta
    ==-610
    d=1 c=1 s=-30 a=271 b=349 xy=-1,-5
      d=0 c=2 s=40 a=-349 b=-271 xy=1,-7
      ==-35
      d=0 c=2 s=40 a=-349 b=-271 xy=0,-5
      ==60
      d=0 c=2 s=40 a=-349 b=-271 xy=2,-4
      ==-30
      d=0 c=2 s=40 a=-349 b=-271 xy=-3,-3
      ==-37
      d=0 c=2 s=40 a=-349 b=-271 xy=-1,-3 ***
      ==-10
      d=0 c=2 s=40 a=-349 b=-271 xy=2,-3
      ==-32
      d=0 c=2 s=40 a=-349 b=-271 xy=1,-2
      ==-61
      d=0 c=2 s=40 a=-349 b=-271 xy=-1,-1
      ==-45
      d=0 c=2 s=40 a=-349 b=-271 xy=0,-1
      ==60
      d=0 c=2 s=40 a=-349 b=-271 xy=1,-1
      ==-45
      d=0 c=2 s=40 a=-349 b=-271 xy=2,-1
      ==-57
      d=0 c=2 s=40 a=-349 b=-271 xy=3,-1
      ==53
    ==-60
       ....-60 > beta
  ==60
  d=2 c=2 s=1 a=-349 b=-271 xy=1,-2
    d=1 c=1 s=-5 a=271 b=349 xy=-1,-5
      d=0 c=2 s=35 a=-349 b=-271 xy=1,-7
      ==-30
      d=0 c=2 s=35 a=-349 b=-271 xy=0,-5
      ==65
      d=0 c=2 s=35 a=-349 b=-271 xy=-1,-4
      ==-40
      d=0 c=2 s=35 a=-349 b=-271 xy=-3,-3
      ==-32
      d=0 c=2 s=35 a=-349 b=-271 xy=-1,-3
      ==-42
      d=0 c=2 s=35 a=-349 b=-271 xy=1,-3
      ==-58
      d=0 c=2 s=35 a=-349 b=-271 xy=3,-2
      ==65
      d=0 c=2 s=35 a=-349 b=-271 xy=0,-1
      ==63
      d=0 c=2 s=35 a=-349 b=-271 xy=1,-1
      ==-42
      d=0 c=2 s=35 a=-349 b=-271 xy=2,-1
      ==-17
    ==-65
  ==65
  d=2 c=2 s=1 a=-349 b=-271 xy=0,-1
    d=1 c=1 s=-124 a=271 b=349 xy=-1,-5
      d=0 c=2 s=-84 a=-349 b=-271 xy=1,-7
      ==89
      d=0 c=2 s=-84 a=-349 b=-271 xy=0,-5
      ==10083
       ....10083 > beta
    ==-10083
    d=1 c=1 s=-124 a=271 b=349 xy=0,-5
      d=0 c=2 s=-29 a=-349 b=-271 xy=0,-7
      ==269
      d=0 c=2 s=-29 a=-349 b=-271 xy=-1,-5
      ==29
      d=0 c=2 s=-29 a=-349 b=-271 xy=-1,-3
      ==72
      d=0 c=2 s=-29 a=-349 b=-271 xy=1,-3
      ==85
      d=0 c=2 s=-29 a=-349 b=-271 xy=1,-2
      ==33
      d=0 c=2 s=-29 a=-349 b=-271 xy=1,-1
      ==72
      d=0 c=2 s=-29 a=-349 b=-271 xy=2,-1
      ==37
    ==-269
       ....-269 > beta
  ==269
  d=2 c=2 s=1 a=-349 b=-271 xy=1,-1
    d=1 c=1 s=-19 a=271 b=349 xy=0,-5
      d=0 c=2 s=-4 a=-349 b=-271 xy=0,-7
      ==244
      d=0 c=2 s=-4 a=-349 b=-271 xy=-1,-5
      ==4
      d=0 c=2 s=-4 a=-349 b=-271 xy=-1,-3
      ==532
       ....532 > beta
    ==-532
    d=1 c=1 s=-19 a=271 b=349 xy=-1,-5
      d=0 c=2 s=21 a=-349 b=-271 xy=-1,-3
      ==507
    ==-507
    d=1 c=1 s=-19 a=271 b=349 xy=-1,-3
      d=0 c=2 s=-6 a=-349 b=-271 xy=-3,-5
      ==246
      d=0 c=2 s=-6 a=-349 b=-271 xy=-1,-5
      ==6
      d=0 c=2 s=-6 a=-349 b=-271 xy=0,-5
      ==161
      d=0 c=2 s=-6 a=-349 b=-271 xy=-1,-4
      ==6
      d=0 c=2 s=-6 a=-349 b=-271 xy=1,-3
      ==49
      d=0 c=2 s=-6 a=-349 b=-271 xy=3,-3
      ==14
      d=0 c=2 s=-6 a=-349 b=-271 xy=1,-2
      ==10
      d=0 c=2 s=-6 a=-349 b=-271 xy=-1,-1
      ==6
      d=0 c=2 s=-6 a=-349 b=-271 xy=0,-1
      ==159
      d=0 c=2 s=-6 a=-349 b=-271 xy=2,-1
      ==12
      d=0 c=2 s=-6 a=-349 b=-271 xy=3,1
      ==161
    ==-246
       ....-246 > beta
  ==246
  d=2 c=2 s=1 a=-349 b=-271 xy=2,-1
    d=1 c=1 s=-7 a=271 b=349 xy=-1,-3
      d=0 c=2 s=-7 a=-349 b=-271 xy=-3,-5
      ==247
      d=0 c=2 s=-7 a=-349 b=-271 xy=-1,-5
      ==7
      d=0 c=2 s=-7 a=-349 b=-271 xy=0,-5
      ==162
      d=0 c=2 s=-7 a=-349 b=-271 xy=-1,-4
      ==7
      d=0 c=2 s=-7 a=-349 b=-271 xy=1,-3
      ==50
      d=0 c=2 s=-7 a=-349 b=-271 xy=2,-3
      ==162
      d=0 c=2 s=-7 a=-349 b=-271 xy=1,-2
      ==75
      d=0 c=2 s=-7 a=-349 b=-271 xy=-1,-1
      ==7
      d=0 c=2 s=-7 a=-349 b=-271 xy=0,-1
      ==162
      d=0 c=2 s=-7 a=-349 b=-271 xy=1,-1
      ==7
    ==-247
  ==247
==-271
d=3 c=1 s=1 a=-32600 b=271 xy=2,-6
  d=2 c=2 s=1 a=-271 b=32600 xy=0,-5
    d=1 c=1 s=-129 a=-32600 b=271 xy=-1,-3
      d=0 c=2 s=-129 a=-271 b=32600 xy=0,-6
      ==10128
       ....10128 > beta
    ==-10128
    d=1 c=1 s=-129 a=-32600 b=271 xy=0,-6
      d=0 c=2 s=-19 a=-271 b=32600 xy=1,-6
      ==19
       ....19 > alpha
      d=0 c=2 s=-19 a=-271 b=-19 xy=-1,-5
      ==19
      d=0 c=2 s=-19 a=-271 b=-19 xy=-1,-3
      ==62
       ....62 > alpha
      d=0 c=2 s=-19 a=-271 b=-62 xy=1,-3
      ==75
       ....75 > alpha
      d=0 c=2 s=-19 a=-271 b=-75 xy=1,-2
      ==25
      d=0 c=2 s=-19 a=-271 b=-75 xy=0,-1
      ==10018
       ....10018 > beta
    ==-10018
    d=1 c=1 s=-129 a=-32600 b=271 xy=1,-3
      d=0 c=2 s=-129 a=-271 b=32600 xy=0,-1
      ==10128
    ==-10128
    d=1 c=1 s=-129 a=-32600 b=271 xy=1,-2
      d=0 c=2 s=-129 a=-271 b=32600 xy=0,-1
      ==10128
    ==-10128
    d=1 c=1 s=-129 a=-32600 b=271 xy=0,-1
      d=0 c=2 s=-36 a=-271 b=32600 xy=0,-6
      ==10035
       ....10035 > beta
    ==-10035
    d=1 c=1 s=-129 a=-32600 b=271 xy=1,-1
      d=0 c=2 s=-129 a=-271 b=32600 xy=0,-6
      ==10128
    ==-10128
    d=1 c=1 s=-129 a=-32600 b=271 xy=2,-1
      d=0 c=2 s=-129 a=-271 b=32600 xy=0,-6
      ==10128
    ==-10128
  ==10018
==-10018
d=3 c=1 s=1 a=-32600 b=271 xy=-2,-5
  d=2 c=2 s=1 a=-271 b=32600 xy=0,-5
    d=1 c=1 s=-129 a=-32600 b=271 xy=-1,-3
      d=0 c=2 s=-129 a=-271 b=32600 xy=0,-6
      ==10128
    ==-10128
    d=1 c=1 s=-129 a=-32600 b=271 xy=-2,-6
      d=0 c=2 s=-89 a=-271 b=32600 xy=0,-6
      ==10088
    ==-10088
    d=1 c=1 s=-129 a=-32600 b=271 xy=0,-6
      d=0 c=2 s=-19 a=-271 b=32600 xy=-2,-6
      ==29
       ....29 > alpha
      d=0 c=2 s=-19 a=-271 b=-29 xy=-1,-5
      ==19
      d=0 c=2 s=-19 a=-271 b=-29 xy=-2,-3
      ==19
      d=0 c=2 s=-19 a=-271 b=-29 xy=-1,-3
      ==62
       ....62 > alpha
      d=0 c=2 s=-19 a=-271 b=-62 xy=1,-3
      ==75
       ....75 > alpha
      d=0 c=2 s=-19 a=-271 b=-75 xy=1,-2
      ==25
      d=0 c=2 s=-19 a=-271 b=-75 xy=0,-1
      ==10018
       ....10018 > beta
    ==-10018
    d=1 c=1 s=-129 a=-32600 b=271 xy=-2,-3
      d=0 c=2 s=-117 a=-271 b=32600 xy=0,-1
      ==10126
    ==-10126
    d=1 c=1 s=-129 a=-32600 b=271 xy=1,-3
      d=0 c=2 s=-129 a=-271 b=32600 xy=0,-1
      ==10128
    ==-10128
    d=1 c=1 s=-129 a=-32600 b=271 xy=1,-2
      d=0 c=2 s=-129 a=-271 b=32600 xy=0,-1
      ==10128
    ==-10128
    d=1 c=1 s=-129 a=-32600 b=271 xy=0,-1
      d=0 c=2 s=-36 a=-271 b=32600 xy=-2,-6
      ==46
       ....46 > alpha
      d=0 c=2 s=-36 a=-271 b=-46 xy=0,-6
      ==10035
       ....10035 > beta
    ==-10035
    d=1 c=1 s=-129 a=-32600 b=271 xy=1,-1
      d=0 c=2 s=-129 a=-271 b=32600 xy=0,-6
      ==10128
    ==-10128
    d=1 c=1 s=-129 a=-32600 b=271 xy=2,-1
      d=0 c=2 s=-129 a=-271 b=32600 xy=0,-6
      ==10128
    ==-10128
  ==10018
==-10018
d=3 c=1 s=1 a=-32600 b=271 xy=-1,-5
  d=2 c=2 s=1 a=-271 b=32600 xy=0,-5
    d=1 c=1 s=-129 a=-32600 b=271 xy=-1,-3
      d=0 c=2 s=-129 a=-271 b=32600 xy=0,-6
      ==10138
    ==-10138
    d=1 c=1 s=-129 a=-32600 b=271 xy=0,-6
      d=0 c=2 s=21 a=-271 b=32600 xy=1,-7
      ==-16
       ....-16 > alpha
      d=0 c=2 s=21 a=-271 b=16 xy=-3,-3
      ==-18
      d=0 c=2 s=21 a=-271 b=16 xy=-1,-3
      ==-28
      d=0 c=2 s=21 a=-271 b=16 xy=1,-3
      ==-42
      d=0 c=2 s=21 a=-271 b=16 xy=1,-2
      ==-40
      d=0 c=2 s=21 a=-271 b=16 xy=0,-1
      ==9978
       ....9978 > beta
    ==-9978
    d=1 c=1 s=-129 a=-32600 b=271 xy=-3,-3
      d=0 c=2 s=-91 a=-271 b=32600 xy=0,-1
      ==10090
    ==-10090
    d=1 c=1 s=-129 a=-32600 b=271 xy=1,-3
      d=0 c=2 s=-129 a=-271 b=32600 xy=0,-1
      ==10128
    ==-10128
    d=1 c=1 s=-129 a=-32600 b=271 xy=1,-2
      d=0 c=2 s=-129 a=-271 b=32600 xy=0,-1
      ==10128
    ==-10128
    d=1 c=1 s=-129 a=-32600 b=271 xy=0,-1
      d=0 c=2 s=-36 a=-271 b=32600 xy=0,-6
      ==10045
       ....10045 > beta
    ==-10045
    d=1 c=1 s=-129 a=-32600 b=271 xy=1,-1
      d=0 c=2 s=-129 a=-271 b=32600 xy=0,-6
      ==10138
    ==-10138
    d=1 c=1 s=-129 a=-32600 b=271 xy=2,-1
      d=0 c=2 s=-129 a=-271 b=32600 xy=0,-6
      ==10138
    ==-10138
  ==9978
==-9978
d=3 c=1 s=1 a=-32600 b=271 xy=1,-5
  d=2 c=2 s=1 a=-271 b=32600 xy=0,-5
    d=1 c=1 s=-129 a=-32600 b=271 xy=-1,-3
      d=0 c=2 s=-129 a=-271 b=32600 xy=0,-6
      ==10128
    ==-10128
    d=1 c=1 s=-129 a=-32600 b=271 xy=0,-6
      d=0 c=2 s=-21 a=-271 b=32600 xy=-1,-7
      ==31
       ....31 > alpha
      d=0 c=2 s=-21 a=-271 b=-31 xy=-1,-5
      ==21
      d=0 c=2 s=-21 a=-271 b=-31 xy=2,-4
      ==31
      d=0 c=2 s=-21 a=-271 b=-31 xy=-1,-3
      ==21
      d=0 c=2 s=-21 a=-271 b=-31 xy=1,-3
      ==77
       ....77 > alpha
      d=0 c=2 s=-21 a=-271 b=-77 xy=1,-2
      ==27
      d=0 c=2 s=-21 a=-271 b=-77 xy=0,-1
      ==10020
       ....10020 > beta
    ==-10020
    d=1 c=1 s=-129 a=-32600 b=271 xy=1,-3
      d=0 c=2 s=-129 a=-271 b=32600 xy=0,-1
      ==10128
    ==-10128
    d=1 c=1 s=-129 a=-32600 b=271 xy=1,-2
      d=0 c=2 s=-129 a=-271 b=32600 xy=0,-1
      ==10128
    ==-10128
    d=1 c=1 s=-129 a=-32600 b=271 xy=0,-1
      d=0 c=2 s=-36 a=-271 b=32600 xy=0,-6
      ==10035
       ....10035 > beta
    ==-10035
    d=1 c=1 s=-129 a=-32600 b=271 xy=1,-1
      d=0 c=2 s=-129 a=-271 b=32600 xy=0,-6
      ==10128
    ==-10128
    d=1 c=1 s=-129 a=-32600 b=271 xy=2,-1
      d=0 c=2 s=-129 a=-271 b=32600 xy=0,-6
      ==10128
    ==-10128
  ==10020
==-10020
d=3 c=1 s=1 a=-32600 b=271 xy=2,-5
  d=2 c=2 s=1 a=-271 b=32600 xy=0,-5
    d=1 c=1 s=-129 a=-32600 b=271 xy=-1,-3
      d=0 c=2 s=-129 a=-271 b=32600 xy=0,-6
      ==10128
    ==-10128
    d=1 c=1 s=-129 a=-32600 b=271 xy=0,-6
      d=0 c=2 s=-19 a=-271 b=32600 xy=-1,-5
      ==19
       ....19 > alpha
      d=0 c=2 s=-19 a=-271 b=-19 xy=-1,-3
      ==62
       ....62 > alpha
      d=0 c=2 s=-19 a=-271 b=-62 xy=1,-3
      ==75
       ....75 > alpha
      d=0 c=2 s=-19 a=-271 b=-75 xy=1,-2
      ==25
      d=0 c=2 s=-19 a=-271 b=-75 xy=0,-1
      ==10018
       ....10018 > beta
    ==-10018
    d=1 c=1 s=-129 a=-32600 b=271 xy=1,-3
      d=0 c=2 s=-129 a=-271 b=32600 xy=0,-1
      ==10128
    ==-10128
    d=1 c=1 s=-129 a=-32600 b=271 xy=1,-2
      d=0 c=2 s=-129 a=-271 b=32600 xy=0,-1
      ==10128
    ==-10128
    d=1 c=1 s=-129 a=-32600 b=271 xy=0,-1
      d=0 c=2 s=-36 a=-271 b=32600 xy=0,-6
      ==10035
       ....10035 > beta
    ==-10035
    d=1 c=1 s=-129 a=-32600 b=271 xy=1,-1
      d=0 c=2 s=-129 a=-271 b=32600 xy=0,-6
      ==10128
    ==-10128
    d=1 c=1 s=-129 a=-32600 b=271 xy=2,-1
      d=0 c=2 s=-129 a=-271 b=32600 xy=0,-6
      ==10128
    ==-10128
  ==10018
==-10018
d=3 c=1 s=1 a=-32600 b=271 xy=-5,-4
  d=2 c=2 s=1 a=-271 b=32600 xy=0,-5
    d=1 c=1 s=-129 a=-32600 b=271 xy=-1,-3
      d=0 c=2 s=-129 a=-271 b=32600 xy=0,-6
      ==10128
    ==-10128
    d=1 c=1 s=-129 a=-32600 b=271 xy=0,-6
      d=0 c=2 s=-19 a=-271 b=32600 xy=-1,-5
      ==19
       ....19 > alpha
      d=0 c=2 s=-19 a=-271 b=-19 xy=-4,-3
      ==19
      d=0 c=2 s=-19 a=-271 b=-19 xy=-1,-3
      ==62
       ....62 > alpha
      d=0 c=2 s=-19 a=-271 b=-62 xy=1,-3
      ==75
       ....75 > alpha
      d=0 c=2 s=-19 a=-271 b=-75 xy=1,-2
      ==25
      d=0 c=2 s=-19 a=-271 b=-75 xy=0,-1
      ==10018
       ....10018 > beta
    ==-10018
    d=1 c=1 s=-129 a=-32600 b=271 xy=-4,-3
      d=0 c=2 s=-89 a=-271 b=32600 xy=0,-1
      ==10088
    ==-10088
    d=1 c=1 s=-129 a=-32600 b=271 xy=1,-3
      d=0 c=2 s=-129 a=-271 b=32600 xy=0,-1
      ==10128
    ==-10128
    d=1 c=1 s=-129 a=-32600 b=271 xy=1,-2
      d=0 c=2 s=-129 a=-271 b=32600 xy=0,-1
      ==10128
    ==-10128
    d=1 c=1 s=-129 a=-32600 b=271 xy=0,-1
      d=0 c=2 s=-36 a=-271 b=32600 xy=0,-6
      ==10035
       ....10035 > beta
    ==-10035
    d=1 c=1 s=-129 a=-32600 b=271 xy=1,-1
      d=0 c=2 s=-129 a=-271 b=32600 xy=0,-6
      ==10128
    ==-10128
    d=1 c=1 s=-129 a=-32600 b=271 xy=2,-1
      d=0 c=2 s=-129 a=-271 b=32600 xy=0,-6
      ==10128
    ==-10128
  ==10018
==-10018
d=3 c=1 s=1 a=-32600 b=271 xy=-4,-4
  d=2 c=2 s=1 a=-271 b=32600 xy=0,-5
    d=1 c=1 s=-129 a=-32600 b=271 xy=-1,-3
      d=0 c=2 s=-129 a=-271 b=32600 xy=0,-6
      ==10128
    ==-10128
    d=1 c=1 s=-129 a=-32600 b=271 xy=0,-6
      d=0 c=2 s=-19 a=-271 b=32600 xy=-1,-5
      ==19
       ....19 > alpha
      d=0 c=2 s=-19 a=-271 b=-19 xy=-3,-4
      ==19
      d=0 c=2 s=-19 a=-271 b=-19 xy=-1,-3
      ==62
       ....62 > alpha
      d=0 c=2 s=-19 a=-271 b=-62 xy=1,-3
      ==75
       ....75 > alpha
      d=0 c=2 s=-19 a=-271 b=-75 xy=1,-2
      ==25
      d=0 c=2 s=-19 a=-271 b=-75 xy=0,-1
      ==10018
       ....10018 > beta
    ==-10018
    d=1 c=1 s=-129 a=-32600 b=271 xy=-3,-4
      d=0 c=2 s=-89 a=-271 b=32600 xy=0,-1
      ==10088
    ==-10088
    d=1 c=1 s=-129 a=-32600 b=271 xy=1,-3
      d=0 c=2 s=-129 a=-271 b=32600 xy=0,-1
      ==10128
    ==-10128
    d=1 c=1 s=-129 a=-32600 b=271 xy=1,-2
      d=0 c=2 s=-129 a=-271 b=32600 xy=0,-1
      ==10128
    ==-10128
    d=1 c=1 s=-129 a=-32600 b=271 xy=0,-1
      d=0 c=2 s=-36 a=-271 b=32600 xy=0,-6
      ==10035
       ....10035 > beta
    ==-10035
    d=1 c=1 s=-129 a=-32600 b=271 xy=1,-1
      d=0 c=2 s=-129 a=-271 b=32600 xy=0,-6
      ==10128
    ==-10128
    d=1 c=1 s=-129 a=-32600 b=271 xy=2,-1
      d=0 c=2 s=-129 a=-271 b=32600 xy=0,-6
      ==10128
    ==-10128
  ==10018
==-10018
d=3 c=1 s=1 a=-32600 b=271 xy=4,-4
  d=2 c=2 s=1 a=-271 b=32600 xy=0,-5
    d=1 c=1 s=-129 a=-32600 b=271 xy=-1,-3
      d=0 c=2 s=-129 a=-271 b=32600 xy=0,-6
      ==10128
    ==-10128
    d=1 c=1 s=-129 a=-32600 b=271 xy=0,-6
      d=0 c=2 s=-19 a=-271 b=32600 xy=-1,-5
      ==19
       ....19 > alpha
      d=0 c=2 s=-19 a=-271 b=-19 xy=-1,-3
      ==62
       ....62 > alpha
      d=0 c=2 s=-19 a=-271 b=-62 xy=1,-3
      ==75
       ....75 > alpha
      d=0 c=2 s=-19 a=-271 b=-75 xy=1,-2
      ==25
      d=0 c=2 s=-19 a=-271 b=-75 xy=0,-1
      ==10018
       ....10018 > beta
    ==-10018
    d=1 c=1 s=-129 a=-32600 b=271 xy=1,-3
      d=0 c=2 s=-129 a=-271 b=32600 xy=0,-1
      ==10128
    ==-10128
    d=1 c=1 s=-129 a=-32600 b=271 xy=1,-2
      d=0 c=2 s=-129 a=-271 b=32600 xy=0,-1
      ==10128
    ==-10128
    d=1 c=1 s=-129 a=-32600 b=271 xy=0,-1
      d=0 c=2 s=-36 a=-271 b=32600 xy=0,-6
      ==10035
       ....10035 > beta
    ==-10035
    d=1 c=1 s=-129 a=-32600 b=271 xy=1,-1
      d=0 c=2 s=-129 a=-271 b=32600 xy=0,-6
      ==10128
    ==-10128
    d=1 c=1 s=-129 a=-32600 b=271 xy=2,-1
      d=0 c=2 s=-129 a=-271 b=32600 xy=0,-6
      ==10128
    ==-10128
  ==10018
==-10018
d=3 c=1 s=1 a=-32600 b=271 xy=-4,-3
  d=2 c=2 s=1 a=-271 b=32600 xy=0,-5
    d=1 c=1 s=-129 a=-32600 b=271 xy=-1,-3
      d=0 c=2 s=-129 a=-271 b=32600 xy=0,-6
      ==10128
    ==-10128
    d=1 c=1 s=-129 a=-32600 b=271 xy=0,-6
      d=0 c=2 s=-19 a=-271 b=32600 xy=-1,-5
      ==19
       ....19 > alpha
      d=0 c=2 s=-19 a=-271 b=-19 xy=-5,-4
      ==29
       ....29 > alpha
      d=0 c=2 s=-19 a=-271 b=-29 xy=-1,-3
      ==62
       ....62 > alpha
      d=0 c=2 s=-19 a=-271 b=-62 xy=1,-3
      ==75
       ....75 > alpha
      d=0 c=2 s=-19 a=-271 b=-75 xy=1,-2
      ==25
      d=0 c=2 s=-19 a=-271 b=-75 xy=-2,-1
      ==27
      d=0 c=2 s=-19 a=-271 b=-75 xy=0,-1
      ==10018
       ....10018 > beta
    ==-10018
    d=1 c=1 s=-129 a=-32600 b=271 xy=-5,-4
      d=0 c=2 s=-89 a=-271 b=32600 xy=0,-1
      ==10088
    ==-10088
    d=1 c=1 s=-129 a=-32600 b=271 xy=1,-3
      d=0 c=2 s=-129 a=-271 b=32600 xy=0,-1
      ==10128
    ==-10128
    d=1 c=1 s=-129 a=-32600 b=271 xy=1,-2
      d=0 c=2 s=-129 a=-271 b=32600 xy=0,-1
      ==10128
    ==-10128
    d=1 c=1 s=-129 a=-32600 b=271 xy=-2,-1
      d=0 c=2 s=-104 a=-271 b=32600 xy=0,-1
      ==10103
    ==-10103
    d=1 c=1 s=-129 a=-32600 b=271 xy=0,-1
      d=0 c=2 s=-36 a=-271 b=32600 xy=0,-6
      ==10035
       ....10035 > beta
    ==-10035
    d=1 c=1 s=-129 a=-32600 b=271 xy=1,-1
      d=0 c=2 s=-129 a=-271 b=32600 xy=0,-6
      ==10128
    ==-10128
    d=1 c=1 s=-129 a=-32600 b=271 xy=2,-1
      d=0 c=2 s=-129 a=-271 b=32600 xy=0,-6
      ==10128
    ==-10128
  ==10018
==-10018
d=3 c=1 s=1 a=-32600 b=271 xy=3,-3
  d=2 c=2 s=1 a=-271 b=32600 xy=0,-5
    d=1 c=1 s=-129 a=-32600 b=271 xy=-1,-3
      d=0 c=2 s=-129 a=-271 b=32600 xy=0,-6
      ==10128
    ==-10128
    d=1 c=1 s=-129 a=-32600 b=271 xy=0,-6
      d=0 c=2 s=-19 a=-271 b=32600 xy=-1,-5
      ==19
       ....19 > alpha
      d=0 c=2 s=-19 a=-271 b=-19 xy=-1,-3
      ==62
       ....62 > alpha
      d=0 c=2 s=-19 a=-271 b=-62 xy=1,-3
      ==75
       ....75 > alpha
      d=0 c=2 s=-19 a=-271 b=-75 xy=1,-2
      ==25
      d=0 c=2 s=-19 a=-271 b=-75 xy=0,-1
      ==10018
       ....10018 > beta
    ==-10018
    d=1 c=1 s=-129 a=-32600 b=271 xy=1,-3
      d=0 c=2 s=-129 a=-271 b=32600 xy=0,-1
      ==10128
    ==-10128
    d=1 c=1 s=-129 a=-32600 b=271 xy=1,-2
      d=0 c=2 s=-129 a=-271 b=32600 xy=0,-1
      ==10128
    ==-10128
    d=1 c=1 s=-129 a=-32600 b=271 xy=0,-1
      d=0 c=2 s=-36 a=-271 b=32600 xy=0,-6
      ==10035
       ....10035 > beta
    ==-10035
    d=1 c=1 s=-129 a=-32600 b=271 xy=1,-1
      d=0 c=2 s=-129 a=-271 b=32600 xy=0,-6
      ==10128
    ==-10128
    d=1 c=1 s=-129 a=-32600 b=271 xy=2,-1
      d=0 c=2 s=-129 a=-271 b=32600 xy=0,-6
      ==10128
    ==-10128
  ==10018
==-10018
d=3 c=1 s=1 a=-32600 b=271 xy=-5,-2
  d=2 c=2 s=1 a=-271 b=32600 xy=0,-5
    d=1 c=1 s=-129 a=-32600 b=271 xy=-1,-3
      d=0 c=2 s=-129 a=-271 b=32600 xy=0,-6
      ==10128
    ==-10128
    d=1 c=1 s=-129 a=-32600 b=271 xy=0,-6
      d=0 c=2 s=-19 a=-271 b=32600 xy=-1,-5
      ==19
       ....19 > alpha
      d=0 c=2 s=-19 a=-271 b=-19 xy=-1,-3
      ==62
       ....62 > alpha
      d=0 c=2 s=-19 a=-271 b=-62 xy=1,-3
      ==75
       ....75 > alpha
      d=0 c=2 s=-19 a=-271 b=-75 xy=-4,-2
      ==19
      d=0 c=2 s=-19 a=-271 b=-75 xy=1,-2
      ==25
      d=0 c=2 s=-19 a=-271 b=-75 xy=0,-1
      ==10018
       ....10018 > beta
    ==-10018
    d=1 c=1 s=-129 a=-32600 b=271 xy=1,-3
      d=0 c=2 s=-129 a=-271 b=32600 xy=0,-1
      ==10128
    ==-10128
    d=1 c=1 s=-129 a=-32600 b=271 xy=-4,-2
      d=0 c=2 s=-113 a=-271 b=32600 xy=0,-1
      ==10112
    ==-10112
    d=1 c=1 s=-129 a=-32600 b=271 xy=1,-2
      d=0 c=2 s=-129 a=-271 b=32600 xy=0,-1
      ==10128
    ==-10128
    d=1 c=1 s=-129 a=-32600 b=271 xy=0,-1
      d=0 c=2 s=-36 a=-271 b=32600 xy=0,-6
      ==10035
       ....10035 > beta
    ==-10035
    d=1 c=1 s=-129 a=-32600 b=271 xy=1,-1
      d=0 c=2 s=-129 a=-271 b=32600 xy=0,-6
      ==10128
    ==-10128
    d=1 c=1 s=-129 a=-32600 b=271 xy=2,-1
      d=0 c=2 s=-129 a=-271 b=32600 xy=0,-6
      ==10128
    ==-10128
  ==10018
==-10018
d=3 c=1 s=1 a=-32600 b=271 xy=-4,-2
  d=2 c=2 s=1 a=-271 b=32600 xy=0,-5
    d=1 c=1 s=-129 a=-32600 b=271 xy=-1,-3
      d=0 c=2 s=-129 a=-271 b=32600 xy=0,-6
      ==10128
    ==-10128
    d=1 c=1 s=-129 a=-32600 b=271 xy=0,-6
      d=0 c=2 s=-19 a=-271 b=32600 xy=-1,-5
      ==19
       ....19 > alpha
      d=0 c=2 s=-19 a=-271 b=-19 xy=-3,-3
      ==19
      d=0 c=2 s=-19 a=-271 b=-19 xy=-1,-3
      ==62
       ....62 > alpha
      d=0 c=2 s=-19 a=-271 b=-62 xy=1,-3
      ==75
       ....75 > alpha
      d=0 c=2 s=-19 a=-271 b=-75 xy=-5,-2
      ==259
       ....259 > alpha
      d=0 c=2 s=-19 a=-271 b=-259 xy=1,-2
      ==25
      d=0 c=2 s=-19 a=-271 b=-259 xy=0,-1
      ==10018
       ....10018 > beta
    ==-10018
    d=1 c=1 s=-129 a=-32600 b=271 xy=-3,-3
      d=0 c=2 s=-91 a=-271 b=32600 xy=0,-1
      ==10090
    ==-10090
    d=1 c=1 s=-129 a=-32600 b=271 xy=1,-3
      d=0 c=2 s=-129 a=-271 b=32600 xy=0,-1
      ==10128
    ==-10128
    d=1 c=1 s=-129 a=-32600 b=271 xy=-5,-2
      d=0 c=2 s=-113 a=-271 b=32600 xy=0,-1
      ==10112
    ==-10112
    d=1 c=1 s=-129 a=-32600 b=271 xy=1,-2
      d=0 c=2 s=-129 a=-271 b=32600 xy=0,-1
      ==10128
    ==-10128
    d=1 c=1 s=-129 a=-32600 b=271 xy=0,-1
      d=0 c=2 s=-36 a=-271 b=32600 xy=0,-6
      ==10035
       ....10035 > beta
    ==-10035
    d=1 c=1 s=-129 a=-32600 b=271 xy=1,-1
      d=0 c=2 s=-129 a=-271 b=32600 xy=0,-6
      ==10128
    ==-10128
    d=1 c=1 s=-129 a=-32600 b=271 xy=2,-1
      d=0 c=2 s=-129 a=-271 b=32600 xy=0,-6
      ==10128
    ==-10128
  ==10018
==-10018
d=3 c=1 s=1 a=-32600 b=271 xy=3,-2
  d=2 c=2 s=1 a=-271 b=32600 xy=0,-5
    d=1 c=1 s=-129 a=-32600 b=271 xy=-1,-3
      d=0 c=2 s=-129 a=-271 b=32600 xy=0,-6
      ==10128
    ==-10128
    d=1 c=1 s=-129 a=-32600 b=271 xy=0,-6
      d=0 c=2 s=-19 a=-271 b=32600 xy=-1,-5
      ==19
       ....19 > alpha
      d=0 c=2 s=-19 a=-271 b=-19 xy=-1,-3
      ==62
       ....62 > alpha
      d=0 c=2 s=-19 a=-271 b=-62 xy=1,-3
      ==75
       ....75 > alpha
      d=0 c=2 s=-19 a=-271 b=-75 xy=1,-2
      ==19
      d=0 c=2 s=-19 a=-271 b=-75 xy=0,-1
      ==10018
       ....10018 > beta
    ==-10018
    d=1 c=1 s=-129 a=-32600 b=271 xy=1,-3
      d=0 c=2 s=-129 a=-271 b=32600 xy=0,-1
      ==10128
    ==-10128
    d=1 c=1 s=-129 a=-32600 b=271 xy=1,-2
      d=0 c=2 s=-129 a=-271 b=32600 xy=0,-1
      ==10128
    ==-10128
    d=1 c=1 s=-129 a=-32600 b=271 xy=0,-1
      d=0 c=2 s=-36 a=-271 b=32600 xy=0,-6
      ==10035
       ....10035 > beta
    ==-10035
    d=1 c=1 s=-129 a=-32600 b=271 xy=1,-1
      d=0 c=2 s=-129 a=-271 b=32600 xy=0,-6
      ==10128
    ==-10128
    d=1 c=1 s=-129 a=-32600 b=271 xy=2,-1
      d=0 c=2 s=-129 a=-271 b=32600 xy=0,-6
      ==10128
    ==-10128
  ==10018
==-10018
d=3 c=1 s=1 a=-32600 b=271 xy=6,-2
  d=2 c=2 s=1 a=-271 b=32600 xy=0,-5
    d=1 c=1 s=-129 a=-32600 b=271 xy=-1,-3
      d=0 c=2 s=-129 a=-271 b=32600 xy=0,-6
      ==10128
    ==-10128
    d=1 c=1 s=-129 a=-32600 b=271 xy=0,-6
      d=0 c=2 s=-19 a=-271 b=32600 xy=-1,-5
      ==19
       ....19 > alpha
      d=0 c=2 s=-19 a=-271 b=-19 xy=-1,-3
      ==62
       ....62 > alpha
      d=0 c=2 s=-19 a=-271 b=-62 xy=1,-3
      ==75
       ....75 > alpha
      d=0 c=2 s=-19 a=-271 b=-75 xy=1,-2
      ==25
      d=0 c=2 s=-19 a=-271 b=-75 xy=0,-1
      ==10018
       ....10018 > beta
    ==-10018
    d=1 c=1 s=-129 a=-32600 b=271 xy=1,-3
      d=0 c=2 s=-129 a=-271 b=32600 xy=0,-1
      ==10128
    ==-10128
    d=1 c=1 s=-129 a=-32600 b=271 xy=1,-2
      d=0 c=2 s=-129 a=-271 b=32600 xy=0,-1
      ==10128
    ==-10128
    d=1 c=1 s=-129 a=-32600 b=271 xy=0,-1
      d=0 c=2 s=-36 a=-271 b=32600 xy=0,-6
      ==10035
       ....10035 > beta
    ==-10035
    d=1 c=1 s=-129 a=-32600 b=271 xy=1,-1
      d=0 c=2 s=-129 a=-271 b=32600 xy=0,-6
      ==10128
    ==-10128
    d=1 c=1 s=-129 a=-32600 b=271 xy=2,-1
      d=0 c=2 s=-129 a=-271 b=32600 xy=0,-6
      ==10128
    ==-10128
    d=1 c=1 s=-129 a=-32600 b=271 xy=5,-1
      d=0 c=2 s=-89 a=-271 b=32600 xy=0,-6
      ==10088
    ==-10088
  ==10018
==-10018
d=3 c=1 s=1 a=-32600 b=271 xy=-4,-1
  d=2 c=2 s=1 a=-271 b=32600 xy=0,-5
    d=1 c=1 s=-129 a=-32600 b=271 xy=-1,-3
      d=0 c=2 s=-129 a=-271 b=32600 xy=0,-6
      ==10128
    ==-10128
    d=1 c=1 s=-129 a=-32600 b=271 xy=0,-6
      d=0 c=2 s=-19 a=-271 b=32600 xy=-1,-5
      ==19
       ....19 > alpha
      d=0 c=2 s=-19 a=-271 b=-19 xy=-2,-3
      ==19
      d=0 c=2 s=-19 a=-271 b=-19 xy=-1,-3
      ==62
       ....62 > alpha
      d=0 c=2 s=-19 a=-271 b=-62 xy=1,-3
      ==75
       ....75 > alpha
      d=0 c=2 s=-19 a=-271 b=-75 xy=1,-2
      ==25
      d=0 c=2 s=-19 a=-271 b=-75 xy=0,-1
      ==10018
       ....10018 > beta
    ==-10018
    d=1 c=1 s=-129 a=-32600 b=271 xy=-2,-3
      d=0 c=2 s=-106 a=-271 b=32600 xy=0,-1
      ==10115
    ==-10115
    d=1 c=1 s=-129 a=-32600 b=271 xy=1,-3
      d=0 c=2 s=-129 a=-271 b=32600 xy=0,-1
      ==10128
    ==-10128
    d=1 c=1 s=-129 a=-32600 b=271 xy=1,-2
      d=0 c=2 s=-129 a=-271 b=32600 xy=0,-1
      ==10128
    ==-10128
    d=1 c=1 s=-129 a=-32600 b=271 xy=0,-1
      d=0 c=2 s=-36 a=-271 b=32600 xy=0,-6
      ==10035
       ....10035 > beta
    ==-10035
    d=1 c=1 s=-129 a=-32600 b=271 xy=1,-1
      d=0 c=2 s=-129 a=-271 b=32600 xy=0,-6
      ==10128
    ==-10128
    d=1 c=1 s=-129 a=-32600 b=271 xy=2,-1
      d=0 c=2 s=-129 a=-271 b=32600 xy=0,-6
      ==10128
    ==-10128
    d=1 c=1 s=-129 a=-32600 b=271 xy=-5,0
      d=0 c=2 s=-89 a=-271 b=32600 xy=0,-6
      ==10088
    ==-10088
  ==10018
==-10018
d=3 c=1 s=1 a=-32600 b=271 xy=4,-1
  d=2 c=2 s=1 a=-271 b=32600 xy=0,-5
    d=1 c=1 s=-129 a=-32600 b=271 xy=-1,-3
      d=0 c=2 s=-129 a=-271 b=32600 xy=0,-6
      ==10128
    ==-10128
    d=1 c=1 s=-129 a=-32600 b=271 xy=0,-6
      d=0 c=2 s=-19 a=-271 b=32600 xy=-1,-5
      ==19
       ....19 > alpha
      d=0 c=2 s=-19 a=-271 b=-19 xy=-1,-3
      ==62
       ....62 > alpha
      d=0 c=2 s=-19 a=-271 b=-62 xy=1,-3
      ==75
       ....75 > alpha
      d=0 c=2 s=-19 a=-271 b=-75 xy=1,-2
      ==25
      d=0 c=2 s=-19 a=-271 b=-75 xy=4,-2
      ==29
      d=0 c=2 s=-19 a=-271 b=-75 xy=0,-1
      ==10018
       ....10018 > beta
    ==-10018
    d=1 c=1 s=-129 a=-32600 b=271 xy=1,-3
      d=0 c=2 s=-129 a=-271 b=32600 xy=0,-1
      ==10128
    ==-10128
    d=1 c=1 s=-129 a=-32600 b=271 xy=1,-2
      d=0 c=2 s=-129 a=-271 b=32600 xy=0,-1
      ==10128
    ==-10128
    d=1 c=1 s=-129 a=-32600 b=271 xy=4,-2
      d=0 c=2 s=-89 a=-271 b=32600 xy=0,-1
      ==10088
    ==-10088
    d=1 c=1 s=-129 a=-32600 b=271 xy=0,-1
      d=0 c=2 s=-36 a=-271 b=32600 xy=0,-6
      ==10035
       ....10035 > beta
    ==-10035
    d=1 c=1 s=-129 a=-32600 b=271 xy=1,-1
      d=0 c=2 s=-129 a=-271 b=32600 xy=0,-6
      ==10128
    ==-10128
    d=1 c=1 s=-129 a=-32600 b=271 xy=2,-1
      d=0 c=2 s=-129 a=-271 b=32600 xy=0,-6
      ==10128
    ==-10128
    d=1 c=1 s=-129 a=-32600 b=271 xy=3,0
      d=0 c=2 s=-104 a=-271 b=32600 xy=0,-6
      ==10103
    ==-10103
    d=1 c=1 s=-129 a=-32600 b=271 xy=4,1
      d=0 c=2 s=-89 a=-271 b=32600 xy=0,-6
      ==10088
    ==-10088
  ==10018
==-10018
d=3 c=1 s=1 a=-32600 b=271 xy=5,-1
  d=2 c=2 s=1 a=-271 b=32600 xy=0,-5
    d=1 c=1 s=-129 a=-32600 b=271 xy=-1,-3
      d=0 c=2 s=-129 a=-271 b=32600 xy=0,-6
      ==10128
    ==-10128
    d=1 c=1 s=-129 a=-32600 b=271 xy=0,-6
      d=0 c=2 s=-19 a=-271 b=32600 xy=-1,-5
      ==19
       ....19 > alpha
      d=0 c=2 s=-19 a=-271 b=-19 xy=-1,-3
      ==62
       ....62 > alpha
      d=0 c=2 s=-19 a=-271 b=-62 xy=1,-3
      ==75
       ....75 > alpha
      d=0 c=2 s=-19 a=-271 b=-75 xy=1,-2
      ==25
      d=0 c=2 s=-19 a=-271 b=-75 xy=6,-2
      ==29
      d=0 c=2 s=-19 a=-271 b=-75 xy=0,-1
      ==10018
       ....10018 > beta
    ==-10018
    d=1 c=1 s=-129 a=-32600 b=271 xy=1,-3
      d=0 c=2 s=-129 a=-271 b=32600 xy=0,-1
      ==10128
    ==-10128
    d=1 c=1 s=-129 a=-32600 b=271 xy=1,-2
      d=0 c=2 s=-129 a=-271 b=32600 xy=0,-1
      ==10128
    ==-10128
    d=1 c=1 s=-129 a=-32600 b=271 xy=6,-2
      d=0 c=2 s=-89 a=-271 b=32600 xy=0,-1
      ==10088
    ==-10088
    d=1 c=1 s=-129 a=-32600 b=271 xy=0,-1
      d=0 c=2 s=-36 a=-271 b=32600 xy=0,-6
      ==10035
       ....10035 > beta
    ==-10035
    d=1 c=1 s=-129 a=-32600 b=271 xy=1,-1
      d=0 c=2 s=-129 a=-271 b=32600 xy=0,-6
      ==10128
    ==-10128
    d=1 c=1 s=-129 a=-32600 b=271 xy=2,-1
      d=0 c=2 s=-129 a=-271 b=32600 xy=0,-6
      ==10128
    ==-10128
    d=1 c=1 s=-129 a=-32600 b=271 xy=3,1
      d=0 c=2 s=-91 a=-271 b=32600 xy=0,-6
      ==10090
    ==-10090
  ==10018
==-10018
d=3 c=1 s=1 a=-32600 b=271 xy=-5,0
  d=2 c=2 s=1 a=-271 b=32600 xy=0,-5
    d=1 c=1 s=-129 a=-32600 b=271 xy=-1,-3
      d=0 c=2 s=-129 a=-271 b=32600 xy=0,-6
      ==10128
    ==-10128
    d=1 c=1 s=-129 a=-32600 b=271 xy=0,-6
      d=0 c=2 s=-19 a=-271 b=32600 xy=-1,-5
      ==19
       ....19 > alpha
      d=0 c=2 s=-19 a=-271 b=-19 xy=-1,-3
      ==62
       ....62 > alpha
      d=0 c=2 s=-19 a=-271 b=-62 xy=1,-3
      ==75
       ....75 > alpha
      d=0 c=2 s=-19 a=-271 b=-75 xy=1,-2
      ==25
      d=0 c=2 s=-19 a=-271 b=-75 xy=-4,-1
      ==19
      d=0 c=2 s=-19 a=-271 b=-75 xy=0,-1
      ==10018
       ....10018 > beta
    ==-10018
    d=1 c=1 s=-129 a=-32600 b=271 xy=1,-3
      d=0 c=2 s=-129 a=-271 b=32600 xy=0,-1
      ==10128
    ==-10128
    d=1 c=1 s=-129 a=-32600 b=271 xy=1,-2
      d=0 c=2 s=-129 a=-271 b=32600 xy=0,-1
      ==10128
    ==-10128
    d=1 c=1 s=-129 a=-32600 b=271 xy=-4,-1
      d=0 c=2 s=-89 a=-271 b=32600 xy=0,-1
      ==10088
    ==-10088
    d=1 c=1 s=-129 a=-32600 b=271 xy=0,-1
      d=0 c=2 s=-36 a=-271 b=32600 xy=0,-6
      ==10035
       ....10035 > beta
    ==-10035
    d=1 c=1 s=-129 a=-32600 b=271 xy=1,-1
      d=0 c=2 s=-129 a=-271 b=32600 xy=0,-6
      ==10128
    ==-10128
    d=1 c=1 s=-129 a=-32600 b=271 xy=2,-1
      d=0 c=2 s=-129 a=-271 b=32600 xy=0,-6
      ==10128
    ==-10128
  ==10018
==-10018
d=3 c=1 s=1 a=-32600 b=271 xy=-4,0
  d=2 c=2 s=1 a=-271 b=32600 xy=0,-5
    d=1 c=1 s=-129 a=-32600 b=271 xy=-1,-3
      d=0 c=2 s=-129 a=-271 b=32600 xy=0,-6
      ==10128
    ==-10128
    d=1 c=1 s=-129 a=-32600 b=271 xy=0,-6
      d=0 c=2 s=-19 a=-271 b=32600 xy=-1,-5
      ==19
       ....19 > alpha
      d=0 c=2 s=-19 a=-271 b=-19 xy=-1,-3
      ==62
       ....62 > alpha
      d=0 c=2 s=-19 a=-271 b=-62 xy=1,-3
      ==75
       ....75 > alpha
      d=0 c=2 s=-19 a=-271 b=-75 xy=1,-2
      ==25
      d=0 c=2 s=-19 a=-271 b=-75 xy=0,-1
      ==10018
       ....10018 > beta
    ==-10018
    d=1 c=1 s=-129 a=-32600 b=271 xy=1,-3
      d=0 c=2 s=-129 a=-271 b=32600 xy=0,-1
      ==10128
    ==-10128
    d=1 c=1 s=-129 a=-32600 b=271 xy=1,-2
      d=0 c=2 s=-129 a=-271 b=32600 xy=0,-1
      ==10128
    ==-10128
    d=1 c=1 s=-129 a=-32600 b=271 xy=0,-1
      d=0 c=2 s=-36 a=-271 b=32600 xy=0,-6
      ==10035
       ....10035 > beta
    ==-10035
    d=1 c=1 s=-129 a=-32600 b=271 xy=1,-1
      d=0 c=2 s=-129 a=-271 b=32600 xy=0,-6
      ==10128
    ==-10128
    d=1 c=1 s=-129 a=-32600 b=271 xy=2,-1
      d=0 c=2 s=-129 a=-271 b=32600 xy=0,-6
      ==10128
    ==-10128
  ==10018
==-10018
d=3 c=1 s=1 a=-32600 b=271 xy=5,0
  d=2 c=2 s=1 a=-271 b=32600 xy=0,-5
    d=1 c=1 s=-129 a=-32600 b=271 xy=-1,-3
      d=0 c=2 s=-129 a=-271 b=32600 xy=0,-6
      ==10128
    ==-10128
    d=1 c=1 s=-129 a=-32600 b=271 xy=0,-6
      d=0 c=2 s=-19 a=-271 b=32600 xy=-1,-5
      ==19
       ....19 > alpha
      d=0 c=2 s=-19 a=-271 b=-19 xy=-1,-3
      ==62
       ....62 > alpha
      d=0 c=2 s=-19 a=-271 b=-62 xy=1,-3
      ==75
       ....75 > alpha
      d=0 c=2 s=-19 a=-271 b=-75 xy=1,-2
      ==25
      d=0 c=2 s=-19 a=-271 b=-75 xy=0,-1
      ==10018
       ....10018 > beta
    ==-10018
    d=1 c=1 s=-129 a=-32600 b=271 xy=1,-3
      d=0 c=2 s=-129 a=-271 b=32600 xy=0,-1
      ==10128
    ==-10128
    d=1 c=1 s=-129 a=-32600 b=271 xy=1,-2
      d=0 c=2 s=-129 a=-271 b=32600 xy=0,-1
      ==10128
    ==-10128
    d=1 c=1 s=-129 a=-32600 b=271 xy=0,-1
      d=0 c=2 s=-36 a=-271 b=32600 xy=0,-6
      ==10035
       ....10035 > beta
    ==-10035
    d=1 c=1 s=-129 a=-32600 b=271 xy=1,-1
      d=0 c=2 s=-129 a=-271 b=32600 xy=0,-6
      ==10128
    ==-10128
    d=1 c=1 s=-129 a=-32600 b=271 xy=2,-1
      d=0 c=2 s=-129 a=-271 b=32600 xy=0,-6
      ==10128
    ==-10128
    d=1 c=1 s=-129 a=-32600 b=271 xy=3,0
      d=0 c=2 s=-115 a=-271 b=32600 xy=0,-6
      ==10114
    ==-10114
    d=1 c=1 s=-129 a=-32600 b=271 xy=6,0
      d=0 c=2 s=-89 a=-271 b=32600 xy=0,-6
      ==10088
    ==-10088
  ==10018
==-10018
d=3 c=1 s=1 a=-32600 b=271 xy=6,0
  d=2 c=2 s=1 a=-271 b=32600 xy=0,-5
    d=1 c=1 s=-129 a=-32600 b=271 xy=-1,-3
      d=0 c=2 s=-129 a=-271 b=32600 xy=0,-6
      ==10128
    ==-10128
    d=1 c=1 s=-129 a=-32600 b=271 xy=0,-6
      d=0 c=2 s=-19 a=-271 b=32600 xy=-1,-5
      ==19
       ....19 > alpha
      d=0 c=2 s=-19 a=-271 b=-19 xy=-1,-3
      ==62
       ....62 > alpha
      d=0 c=2 s=-19 a=-271 b=-62 xy=1,-3
      ==75
       ....75 > alpha
      d=0 c=2 s=-19 a=-271 b=-75 xy=1,-2
      ==25
      d=0 c=2 s=-19 a=-271 b=-75 xy=0,-1
      ==10018
       ....10018 > beta
    ==-10018
    d=1 c=1 s=-129 a=-32600 b=271 xy=1,-3
      d=0 c=2 s=-129 a=-271 b=32600 xy=0,-1
      ==10128
    ==-10128
    d=1 c=1 s=-129 a=-32600 b=271 xy=1,-2
      d=0 c=2 s=-129 a=-271 b=32600 xy=0,-1
      ==10128
    ==-10128
    d=1 c=1 s=-129 a=-32600 b=271 xy=0,-1
      d=0 c=2 s=-36 a=-271 b=32600 xy=0,-6
      ==10035
       ....10035 > beta
    ==-10035
    d=1 c=1 s=-129 a=-32600 b=271 xy=1,-1
      d=0 c=2 s=-129 a=-271 b=32600 xy=0,-6
      ==10128
    ==-10128
    d=1 c=1 s=-129 a=-32600 b=271 xy=2,-1
      d=0 c=2 s=-129 a=-271 b=32600 xy=0,-6
      ==10128
    ==-10128
    d=1 c=1 s=-129 a=-32600 b=271 xy=5,0
      d=0 c=2 s=-89 a=-271 b=32600 xy=0,-6
      ==10088
    ==-10088
  ==10018
==-10018
d=3 c=1 s=1 a=-32600 b=271 xy=-1,1
  d=2 c=2 s=1 a=-271 b=32600 xy=0,-5
    d=1 c=1 s=-129 a=-32600 b=271 xy=-1,-3
      d=0 c=2 s=-129 a=-271 b=32600 xy=0,-6
      ==10128
    ==-10128
    d=1 c=1 s=-129 a=-32600 b=271 xy=0,-6
      d=0 c=2 s=-19 a=-271 b=32600 xy=-1,-5
      ==19
       ....19 > alpha
      d=0 c=2 s=-19 a=-271 b=-19 xy=-1,-3
      ==62
       ....62 > alpha
      d=0 c=2 s=-19 a=-271 b=-62 xy=1,-3
      ==75
       ....75 > alpha
      d=0 c=2 s=-19 a=-271 b=-75 xy=1,-2
      ==25
      d=0 c=2 s=-19 a=-271 b=-75 xy=0,-1
      ==10018
       ....10018 > beta
    ==-10018
    d=1 c=1 s=-129 a=-32600 b=271 xy=1,-3
      d=0 c=2 s=-129 a=-271 b=32600 xy=0,-1
      ==10128
    ==-10128
    d=1 c=1 s=-129 a=-32600 b=271 xy=1,-2
      d=0 c=2 s=-129 a=-271 b=32600 xy=0,-1
      ==10128
    ==-10128
    d=1 c=1 s=-129 a=-32600 b=271 xy=0,-1
      d=0 c=2 s=-36 a=-271 b=32600 xy=0,-6
      ==10035
       ....10035 > beta
    ==-10035
    d=1 c=1 s=-129 a=-32600 b=271 xy=1,-1
      d=0 c=2 s=-113 a=-271 b=32600 xy=0,-6
      ==10112
    ==-10112
    d=1 c=1 s=-129 a=-32600 b=271 xy=2,-1
      d=0 c=2 s=-129 a=-271 b=32600 xy=0,-6
      ==10128
    ==-10128
    d=1 c=1 s=-129 a=-32600 b=271 xy=-2,2
      d=0 c=2 s=-89 a=-271 b=32600 xy=0,-6
      ==10088
    ==-10088
  ==10018
==-10018
d=3 c=1 s=1 a=-32600 b=271 xy=0,1
  d=2 c=2 s=1 a=-271 b=32600 xy=0,-5
    d=1 c=1 s=-129 a=-32600 b=271 xy=-1,-3
      d=0 c=2 s=-129 a=-271 b=32600 xy=0,-6
      ==10128
    ==-10128
    d=1 c=1 s=-129 a=-32600 b=271 xy=0,-6
      d=0 c=2 s=-19 a=-271 b=32600 xy=-1,-5
      ==19
       ....19 > alpha
      d=0 c=2 s=-19 a=-271 b=-19 xy=-1,-3
      ==62
       ....62 > alpha
      d=0 c=2 s=-19 a=-271 b=-62 xy=1,-3
      ==75
       ....75 > alpha
      d=0 c=2 s=-19 a=-271 b=-75 xy=1,-2
      ==25
      d=0 c=2 s=-19 a=-271 b=-75 xy=0,-1
      ==10028
       ....10028 > beta
    ==-10028
    d=1 c=1 s=-129 a=-32600 b=271 xy=1,-3
      d=0 c=2 s=-129 a=-271 b=32600 xy=0,-1
      ==10138
    ==-10138
    d=1 c=1 s=-129 a=-32600 b=271 xy=1,-2
      d=0 c=2 s=-129 a=-271 b=32600 xy=0,-1
      ==10138
    ==-10138
    d=1 c=1 s=-129 a=-32600 b=271 xy=0,-1
      d=0 c=2 s=-5 a=-271 b=32600 xy=0,-6
      ==10004
       ....10004 > beta
    ==-10004
    d=1 c=1 s=-129 a=-32600 b=271 xy=1,-1
      d=0 c=2 s=-129 a=-271 b=32600 xy=0,-6
      ==10128
    ==-10128
    d=1 c=1 s=-129 a=-32600 b=271 xy=2,-1
      d=0 c=2 s=-129 a=-271 b=32600 xy=0,-6
      ==10128
    ==-10128
    d=1 c=1 s=-129 a=-32600 b=271 xy=1,1
      d=0 c=2 s=-91 a=-271 b=32600 xy=0,-6
      ==10090
    ==-10090
    d=1 c=1 s=-129 a=-32600 b=271 xy=0,2
      d=0 c=2 s=-89 a=-271 b=32600 xy=0,-6
      ==10088
    ==-10088
  ==10004
==-10004
d=3 c=1 s=1 a=-32600 b=271 xy=4,1
  d=2 c=2 s=1 a=-271 b=32600 xy=0,-5
    d=1 c=1 s=-129 a=-32600 b=271 xy=-1,-3
      d=0 c=2 s=-129 a=-271 b=32600 xy=0,-6
      ==10128
    ==-10128
    d=1 c=1 s=-129 a=-32600 b=271 xy=0,-6
      d=0 c=2 s=-19 a=-271 b=32600 xy=-1,-5
      ==19
       ....19 > alpha
      d=0 c=2 s=-19 a=-271 b=-19 xy=-1,-3
      ==62
       ....62 > alpha
      d=0 c=2 s=-19 a=-271 b=-62 xy=1,-3
      ==75
       ....75 > alpha
      d=0 c=2 s=-19 a=-271 b=-75 xy=1,-2
      ==25
      d=0 c=2 s=-19 a=-271 b=-75 xy=0,-1
      ==10018
       ....10018 > beta
    ==-10018
    d=1 c=1 s=-129 a=-32600 b=271 xy=1,-3
      d=0 c=2 s=-129 a=-271 b=32600 xy=0,-1
      ==10128
    ==-10128
    d=1 c=1 s=-129 a=-32600 b=271 xy=1,-2
      d=0 c=2 s=-129 a=-271 b=32600 xy=0,-1
      ==10128
    ==-10128
    d=1 c=1 s=-129 a=-32600 b=271 xy=0,-1
      d=0 c=2 s=-36 a=-271 b=32600 xy=0,-6
      ==10035
       ....10035 > beta
    ==-10035
    d=1 c=1 s=-129 a=-32600 b=271 xy=1,-1
      d=0 c=2 s=-129 a=-271 b=32600 xy=0,-6
      ==10128
    ==-10128
    d=1 c=1 s=-129 a=-32600 b=271 xy=2,-1
      d=0 c=2 s=-129 a=-271 b=32600 xy=0,-6
      ==10128
    ==-10128
    d=1 c=1 s=-129 a=-32600 b=271 xy=4,-1
      d=0 c=2 s=-89 a=-271 b=32600 xy=0,-6
      ==10088
    ==-10088
    d=1 c=1 s=-129 a=-32600 b=271 xy=3,1
      d=0 c=2 s=-91 a=-271 b=32600 xy=0,-6
      ==10090
    ==-10090
    d=1 c=1 s=-129 a=-32600 b=271 xy=4,2
      d=0 c=2 s=-89 a=-271 b=32600 xy=0,-6
      ==10088
    ==-10088
  ==10018
==-10018
d=3 c=1 s=1 a=-32600 b=271 xy=5,1
  d=2 c=2 s=1 a=-271 b=32600 xy=0,-5
    d=1 c=1 s=-129 a=-32600 b=271 xy=-1,-3
      d=0 c=2 s=-129 a=-271 b=32600 xy=0,-6
      ==10128
    ==-10128
    d=1 c=1 s=-129 a=-32600 b=271 xy=0,-6
      d=0 c=2 s=-19 a=-271 b=32600 xy=-1,-5
      ==19
       ....19 > alpha
      d=0 c=2 s=-19 a=-271 b=-19 xy=-1,-3
      ==62
       ....62 > alpha
      d=0 c=2 s=-19 a=-271 b=-62 xy=1,-3
      ==75
       ....75 > alpha
      d=0 c=2 s=-19 a=-271 b=-75 xy=1,-2
      ==25
      d=0 c=2 s=-19 a=-271 b=-75 xy=0,-1
      ==10018
       ....10018 > beta
    ==-10018
    d=1 c=1 s=-129 a=-32600 b=271 xy=1,-3
      d=0 c=2 s=-129 a=-271 b=32600 xy=0,-1
      ==10128
    ==-10128
    d=1 c=1 s=-129 a=-32600 b=271 xy=1,-2
      d=0 c=2 s=-129 a=-271 b=32600 xy=0,-1
      ==10128
    ==-10128
    d=1 c=1 s=-129 a=-32600 b=271 xy=0,-1
      d=0 c=2 s=-36 a=-271 b=32600 xy=0,-6
      ==10035
       ....10035 > beta
    ==-10035
    d=1 c=1 s=-129 a=-32600 b=271 xy=1,-1
      d=0 c=2 s=-129 a=-271 b=32600 xy=0,-6
      ==10128
    ==-10128
    d=1 c=1 s=-129 a=-32600 b=271 xy=2,-1
      d=0 c=2 s=-129 a=-271 b=32600 xy=0,-6
      ==10128
    ==-10128
    d=1 c=1 s=-129 a=-32600 b=271 xy=3,-1
      d=0 c=2 s=-113 a=-271 b=32600 xy=0,-6
      ==10112
    ==-10112
    d=1 c=1 s=-129 a=-32600 b=271 xy=6,2
      d=0 c=2 s=-89 a=-271 b=32600 xy=0,-6
      ==10088
    ==-10088
  ==10018
==-10018
d=3 c=1 s=1 a=-32600 b=271 xy=-2,2
  d=2 c=2 s=1 a=-271 b=32600 xy=0,-5
    d=1 c=1 s=-129 a=-32600 b=271 xy=-1,-3
      d=0 c=2 s=-129 a=-271 b=32600 xy=0,-6
      ==10128
    ==-10128
    d=1 c=1 s=-129 a=-32600 b=271 xy=0,-6
      d=0 c=2 s=-19 a=-271 b=32600 xy=-1,-5
      ==19
       ....19 > alpha
      d=0 c=2 s=-19 a=-271 b=-19 xy=-1,-3
      ==62
       ....62 > alpha
      d=0 c=2 s=-19 a=-271 b=-62 xy=1,-3
      ==75
       ....75 > alpha
      d=0 c=2 s=-19 a=-271 b=-75 xy=1,-2
      ==25
      d=0 c=2 s=-19 a=-271 b=-75 xy=0,-1
      ==10018
       ....10018 > beta
    ==-10018
    d=1 c=1 s=-129 a=-32600 b=271 xy=1,-3
      d=0 c=2 s=-129 a=-271 b=32600 xy=0,-1
      ==10128
    ==-10128
    d=1 c=1 s=-129 a=-32600 b=271 xy=1,-2
      d=0 c=2 s=-129 a=-271 b=32600 xy=0,-1
      ==10128
    ==-10128
    d=1 c=1 s=-129 a=-32600 b=271 xy=0,-1
      d=0 c=2 s=-36 a=-271 b=32600 xy=0,-6
      ==10035
       ....10035 > beta
    ==-10035
    d=1 c=1 s=-129 a=-32600 b=271 xy=1,-1
      d=0 c=2 s=-129 a=-271 b=32600 xy=0,-6
      ==10128
    ==-10128
    d=1 c=1 s=-129 a=-32600 b=271 xy=2,-1
      d=0 c=2 s=-129 a=-271 b=32600 xy=0,-6
      ==10128
    ==-10128
    d=1 c=1 s=-129 a=-32600 b=271 xy=-1,1
      d=0 c=2 s=-89 a=-271 b=32600 xy=0,-6
      ==10088
    ==-10088
  ==10018
==-10018
d=3 c=1 s=1 a=-32600 b=271 xy=6,2
  d=2 c=2 s=1 a=-271 b=32600 xy=0,-5
    d=1 c=1 s=-129 a=-32600 b=271 xy=-1,-3
      d=0 c=2 s=-129 a=-271 b=32600 xy=0,-6
      ==10128
    ==-10128
    d=1 c=1 s=-129 a=-32600 b=271 xy=0,-6
      d=0 c=2 s=-19 a=-271 b=32600 xy=-1,-5
      ==19
       ....19 > alpha
      d=0 c=2 s=-19 a=-271 b=-19 xy=-1,-3
      ==62
       ....62 > alpha
      d=0 c=2 s=-19 a=-271 b=-62 xy=1,-3
      ==75
       ....75 > alpha
      d=0 c=2 s=-19 a=-271 b=-75 xy=1,-2
      ==25
      d=0 c=2 s=-19 a=-271 b=-75 xy=0,-1
      ==10018
       ....10018 > beta
    ==-10018
    d=1 c=1 s=-129 a=-32600 b=271 xy=1,-3
      d=0 c=2 s=-129 a=-271 b=32600 xy=0,-1
      ==10128
    ==-10128
    d=1 c=1 s=-129 a=-32600 b=271 xy=1,-2
      d=0 c=2 s=-129 a=-271 b=32600 xy=0,-1
      ==10128
    ==-10128
    d=1 c=1 s=-129 a=-32600 b=271 xy=0,-1
      d=0 c=2 s=-36 a=-271 b=32600 xy=0,-6
      ==10035
       ....10035 > beta
    ==-10035
    d=1 c=1 s=-129 a=-32600 b=271 xy=1,-1
      d=0 c=2 s=-129 a=-271 b=32600 xy=0,-6
      ==10128
    ==-10128
    d=1 c=1 s=-129 a=-32600 b=271 xy=2,-1
      d=0 c=2 s=-129 a=-271 b=32600 xy=0,-6
      ==10128
    ==-10128
    d=1 c=1 s=-129 a=-32600 b=271 xy=5,1
      d=0 c=2 s=-89 a=-271 b=32600 xy=0,-6
      ==10088
    ==-10088
  ==10018
==-10018
Player O moved to (row,col) = (-6,0) victory=0, numCaptures=0
Player ¥ moved to (row,col) = (-1,0) victory=0, numCaptures=0
Player O moved to (row,col) = (-5,0) victory=0, numCaptures=0
Player ¥ moved to (row,col) = (-7,0) victory=0, numCaptures=1
removing stone1 (-6,0)
removing stone2 (-5,0)
Player O moved to (row,col) = (-5,0) victory=0, numCaptures=0
Player ¥ moved to (row,col) = (-3,1) victory=0, numCaptures=0
Player O moved to (row,col) = (-5,-1) victory=0, numCaptures=0
Player ¥ moved to (row,col) = (-1,3) victory=0, numCaptures=0
Player O moved to (row,col) = (-6,0) victory=0, numCaptures=0
Player ¥ moved to (row,col) = (-3,-3) victory=0, numCaptures=0
Player O moved to (row,col) = (-7,1) victory=0, numCaptures=0
Player ¥ moved to (row,col) = (-8,2) victory=0, numCaptures=0
Player O moved to (row,col) = (-5,1) victory=0, numCaptures=0
Player ¥ moved to (row,col) = (-5,2) victory=0, numCaptures=0
Player O moved to (row,col) = (-5,-2) victory=0, numCaptures=0
Player ¥ moved to (row,col) = (-5,-3) victory=0, numCaptures=0
Player O moved to (row,col) = (-6,1) victory=0, numCaptures=0
Player ¥ moved to (row,col) = (-8,1) victory=0, numCaptures=0
Player O moved to (row,col) = (-3,-1) victory=0, numCaptures=0
Player ¥ moved to (row,col) = (-1,-1) victory=0, numCaptures=0
Player O moved to (row,col) = (-4,-1) victory=0, numCaptures=0
Player ¥ moved to (row,col) = (-4,-3) victory=0, numCaptures=1
removing stone1 (-4,-2)
removing stone2 (-4,-1)
Player O moved to (row,col) = (-6,-1) victory=0, numCaptures=0
Player ¥ moved to (row,col) = (-4,-1) victory=0, numCaptures=1
removing stone1 (-3,-1)
removing stone2 (-2,-1)
Player O moved to (row,col) = (-6,2) victory=0, numCaptures=0
Player ¥ moved to (row,col) = (-7,3) victory=0, numCaptures=1
removing stone1 (-6,2)
removing stone2 (-5,1)
Player O moved to (row,col) = (-6,2) victory=0, numCaptures=0
Player ¥ moved to (row,col) = (-5,1) victory=1, numCaptures=1
removing stone1 (-6,1)
removing stone2 (-7,1)
SECOND PLAYER HAS FIVE IN A ROW OR FIVE CAPTURES
Final positions:
    -5 -4 -3 -2 -1  0 -9 -8 -7 -6 -5 -4 -3 -2 -1  0  1  2  3  4  5  6  7  8  9 10 11 12 13 14 15 
-15                                                                                              
-14                                                                                              
-13                                                                                              
-12                                                                                              
-11                                                                                              
-10                                                                                              
-9                                                                                              
-8                                                   ¥  ¥                                       
-7                                                ¥        ¥                                    
-6                                             O  O     O                                       
-5                                       ¥  O  O  O  ¥  ¥                                       
-4                                       ¥     ¥  ¥                                             
-3                                       ¥        ¥  ¥                                          
-2                                       O  ¥     ¥     ¥                                       
-1                                             ¥  ¥        ¥                                    
 0                                                O     ¥     O                                 
 1                                                      O                                       
 2                                                                                              
 3                                                                                              
 4                                                                                              
 5                                                                                              
 6                                                                                              
 7                                                                                              
 8                                                                                              
 9                                                                                              
10                                                                                              
11                                                                                              
12                                                                                              
13                                                                                              
14                                                                                              
15                                                                                              

Player 1(O) took 0 : 963526 microseconds, points = 0, score=-0.963526.
Player 2(¥) took 0 : 86661 microseconds, points = 7, score=6.913339.
